age,gender,weight_(kg),height_(m),max_bpm,avg_bpm,resting_bpm,session_duration_(hours),calories_burned,workout_type,fat_percentage,water_intake_(liters),workout_frequency_(days/week),experience_level,bmi,bmi_category,calories_per_minute
56,Male,88.3,1.71,180,157,60,1.69,1313.0,Yoga,12.6,3.5,4,3,30.2,Obese,12.94871794871795
46,Female,74.9,1.53,179,151,66,1.3,883.0,HIIT,33.9,2.1,4,2,32.0,Obese,11.320512820512821
32,Female,68.1,1.66,167,122,54,1.11,677.0,Cardio,33.4,2.3,4,2,24.71,Normal weight,10.165165165165163
25,Male,53.2,1.7,190,164,56,0.59,532.0,Strength,28.8,2.1,3,1,18.41,Underweight,15.028248587570623
38,Male,46.1,1.79,188,158,68,0.64,556.0,Strength,29.2,2.8,3,1,14.39,Underweight,14.479166666666668
56,Female,58.0,1.68,168,156,74,1.59,1116.0,HIIT,15.5,2.7,5,3,20.55,Normal weight,11.69811320754717
36,Male,70.3,1.72,174,169,73,1.49,1385.0,Cardio,21.3,2.3,3,2,23.76,Normal weight,15.492170022371363
40,Female,69.7,1.51,189,141,64,1.27,895.0,Cardio,30.6,1.9,3,2,30.57,Obese,11.745406824146981
28,Male,121.7,1.94,185,127,52,1.03,719.0,Strength,28.9,2.6,4,2,32.34,Obese,11.63430420711974
28,Male,101.8,1.84,169,136,64,1.08,808.0,Cardio,29.7,2.7,3,1,30.07,Obese,12.469135802469134
41,Male,120.8,1.67,188,146,54,0.82,593.0,HIIT,20.5,3.0,2,1,43.31,Obese,12.052845528455286
53,Male,51.7,1.7,175,152,72,1.15,865.0,HIIT,23.6,3.5,3,2,17.89,Underweight,12.53623188405797
57,Male,112.5,1.61,195,165,61,1.24,1013.0,Cardio,22.1,2.7,3,2,43.4,Obese,13.615591397849462
41,Male,94.5,2.0,179,136,69,1.18,794.0,HIIT,27.6,3.7,3,1,23.62,Normal weight,11.214689265536723
20,Male,117.7,1.81,196,161,54,1.35,1195.0,Yoga,26.4,3.3,3,2,35.93,Obese,14.753086419753087
39,Female,42.5,1.75,181,131,52,1.13,740.0,Strength,26.2,2.1,2,1,13.88,Underweight,10.914454277286136
19,Female,64.0,1.53,166,167,58,1.33,1111.0,HIIT,29.8,2.3,3,2,27.34,Overweight,13.922305764411025
41,Female,43.8,1.77,182,165,58,1.19,884.0,Cardio,31.9,1.6,3,1,13.98,Underweight,12.380952380952383
47,Female,66.8,1.75,199,146,56,1.13,742.0,Strength,32.8,2.5,3,2,21.81,Normal weight,10.943952802359883
55,Female,75.2,1.67,188,167,51,1.37,1030.0,HIIT,25.2,2.2,2,1,26.96,Overweight,12.530413625304135
19,Male,89.0,1.77,175,127,72,1.5,1048.0,Strength,28.9,3.7,4,2,28.41,Overweight,11.644444444444444
38,Male,71.9,1.77,197,142,72,1.12,875.0,Cardio,25.7,3.1,2,1,22.95,Normal weight,13.020833333333332
50,Female,71.0,1.68,187,161,70,1.17,848.0,Yoga,33.1,2.5,2,1,25.16,Overweight,12.079772079772082
29,Male,120.9,1.78,197,168,65,0.78,721.0,Yoga,28.1,3.4,2,1,38.16,Obese,15.405982905982905
39,Female,64.3,1.69,190,148,58,1.25,925.0,HIIT,26.9,1.9,4,2,22.51,Normal weight,12.333333333333334
42,Female,63.7,1.71,173,169,62,1.42,1080.0,Yoga,26.1,1.8,3,2,21.78,Normal weight,12.67605633802817
44,Male,65.2,1.8,192,139,68,0.73,502.0,HIIT,27.2,2.7,2,1,20.12,Normal weight,11.461187214611872
59,Male,53.9,1.75,168,135,69,1.48,989.0,Strength,21.6,2.8,4,2,17.6,Underweight,11.137387387387388
45,Male,84.9,1.86,186,136,66,1.64,1104.0,HIIT,14.2,3.5,5,3,24.54,Normal weight,11.219512195121952
33,Female,78.0,1.68,183,135,55,1.29,871.0,HIIT,32.3,1.8,3,2,27.64,Overweight,11.253229974160206
32,Male,108.2,1.8,172,138,53,1.27,964.0,HIIT,28.4,3.5,3,1,33.4,Obese,12.650918635170603
20,Female,65.4,1.52,185,127,50,1.03,654.0,Yoga,28.0,2.2,4,2,28.31,Overweight,10.58252427184466
54,Female,50.2,1.61,188,157,67,1.48,1046.0,HIIT,28.2,2.7,2,1,19.37,Normal weight,11.77927927927928
24,Female,58.9,1.51,187,157,68,1.04,816.0,Cardio,31.7,2.5,2,1,25.83,Overweight,13.076923076923075
38,Male,81.4,1.71,187,148,58,1.52,1237.0,HIIT,10.2,3.5,5,3,27.84,Overweight,13.56359649122807
26,Male,127.6,1.73,167,160,62,1.32,1162.0,Strength,27.3,2.9,3,1,42.63,Obese,14.671717171717171
56,Female,59.3,1.56,182,155,57,1.26,879.0,Cardio,33.4,2.6,4,2,24.37,Normal weight,11.626984126984128
35,Male,96.9,1.71,188,145,72,1.34,1069.0,Strength,24.2,2.9,3,2,33.14,Obese,13.296019900497512
21,Male,62.6,1.81,164,150,62,1.3,1072.0,Strength,27.6,3.5,4,2,19.11,Normal weight,13.743589743589743
42,Male,45.5,1.6,166,163,64,1.31,1057.0,Strength,21.7,2.6,3,2,17.77,Underweight,13.447837150127224
31,Female,48.8,1.51,195,131,60,1.48,969.0,Cardio,28.2,2.0,2,1,21.4,Normal weight,10.912162162162163
26,Female,44.3,1.6,186,136,61,1.08,734.0,Cardio,34.7,2.0,3,1,17.3,Underweight,11.327160493827158
43,Male,113.2,1.83,161,134,63,1.45,962.0,Yoga,29.9,2.9,4,2,33.8,Obese,11.057471264367816
19,Female,60.5,1.59,184,128,53,1.14,730.0,Cardio,30.1,2.2,2,1,23.93,Normal weight,10.672514619883042
37,Male,124.2,1.76,168,158,50,1.5,1304.0,HIIT,29.3,2.8,2,1,40.1,Obese,14.488888888888889
45,Male,52.4,1.85,186,161,73,1.2,956.0,Strength,25.2,2.5,3,1,15.31,Underweight,13.277777777777779
24,Male,54.7,1.74,160,167,53,0.84,772.0,Yoga,22.9,3.6,3,1,18.07,Underweight,15.317460317460318
25,Male,88.1,1.95,182,131,68,1.41,1016.0,Cardio,22.7,3.0,2,1,23.17,Normal weight,12.009456264775414
52,Female,59.7,1.71,169,151,58,1.23,836.0,Strength,34.3,2.0,3,1,20.42,Normal weight,11.327913279132792
31,Female,79.7,1.54,184,144,59,1.03,742.0,Cardio,26.7,2.3,4,2,33.61,Obese,12.006472491909385
34,Female,51.0,1.62,162,158,53,1.42,1122.0,Yoga,30.8,2.4,3,2,19.43,Normal weight,13.169014084507044
53,Male,84.2,1.76,165,137,69,1.67,1133.0,Cardio,12.8,3.5,5,3,27.18,Overweight,11.30738522954092
57,Male,122.1,1.89,165,134,58,1.13,750.0,Cardio,27.4,3.6,3,1,34.18,Obese,11.061946902654867
21,Male,96.7,1.72,161,151,62,1.26,1046.0,Strength,25.0,2.8,3,1,32.69,Obese,13.835978835978837
19,Female,73.0,1.79,177,125,61,0.81,506.0,HIIT,27.7,1.6,3,1,22.78,Normal weight,10.411522633744855
23,Male,114.8,1.6,182,163,60,1.47,1318.0,Cardio,21.7,2.7,4,2,44.84,Obese,14.94331065759637
59,Female,65.5,1.52,161,162,61,1.4,1021.0,Yoga,31.2,2.1,3,2,28.35,Overweight,12.154761904761905
21,Female,50.3,1.52,171,154,67,1.08,832.0,Cardio,32.2,2.6,3,1,21.77,Normal weight,12.839506172839505
46,Female,61.0,1.71,181,153,61,1.67,1150.0,Cardio,17.8,2.7,4,3,20.86,Normal weight,11.477045908183634
35,Female,44.6,1.62,196,157,65,0.56,440.0,HIIT,32.4,2.0,2,1,16.99,Underweight,13.095238095238095
43,Female,58.2,1.61,179,124,54,1.04,580.0,Strength,26.4,2.6,3,2,22.45,Normal weight,9.294871794871794
51,Female,44.8,1.63,198,137,69,1.08,666.0,Yoga,33.8,2.1,4,2,16.86,Underweight,10.277777777777777
27,Male,87.5,1.63,183,135,74,1.75,1299.0,Strength,12.9,3.5,5,3,32.93,Obese,12.371428571428572
53,Male,51.8,1.74,179,127,61,1.23,773.0,Strength,21.3,3.7,3,2,17.11,Underweight,10.474254742547426
31,Female,64.4,1.7,160,144,70,1.97,1418.0,Strength,17.3,2.7,5,3,22.28,Normal weight,11.996615905245347
48,Female,67.1,1.61,160,151,74,0.62,421.0,Cardio,33.4,1.5,2,1,25.89,Overweight,11.317204301075268
32,Male,85.9,1.6,176,145,60,1.99,1587.0,HIIT,14.5,3.5,5,3,33.55,Obese,13.291457286432161
25,Female,65.4,1.77,160,141,58,0.89,627.0,Cardio,27.6,2.6,3,1,20.88,Normal weight,11.741573033707866
31,Female,61.1,1.76,189,150,67,1.81,1358.0,Yoga,18.6,2.7,4,3,19.72,Normal weight,12.504604051565376
40,Male,106.5,1.65,162,162,74,1.32,1176.0,HIIT,21.0,3.6,4,2,39.12,Obese,14.848484848484848
57,Female,64.0,1.52,170,129,52,1.73,1004.0,Strength,15.2,2.7,5,3,27.7,Overweight,9.672447013487476
38,Female,61.4,1.54,183,131,69,1.47,963.0,HIIT,30.6,2.7,3,2,25.89,Overweight,10.918367346938775
33,Female,40.5,1.63,181,147,66,1.07,786.0,Yoga,31.9,1.5,4,2,15.24,Underweight,12.242990654205608
35,Male,70.1,1.79,185,125,63,1.08,743.0,Cardio,28.0,2.3,3,2,21.88,Normal weight,11.466049382716047
41,Male,94.1,1.62,172,139,50,1.13,777.0,Cardio,23.4,3.1,4,2,35.86,Obese,11.460176991150442
43,Male,55.5,1.82,160,124,66,1.08,663.0,Strength,20.1,2.0,3,1,16.76,Underweight,10.23148148148148
42,Female,53.7,1.72,183,142,74,1.37,875.0,Cardio,29.8,1.6,3,1,18.15,Underweight,10.644768856447689
58,Female,66.1,1.75,169,128,57,0.63,363.0,Cardio,25.2,1.8,2,1,21.58,Normal weight,9.603174603174605
46,Male,103.9,1.77,194,148,54,1.18,864.0,Yoga,20.9,2.9,2,1,33.16,Obese,12.203389830508476
32,Female,61.7,1.58,183,135,54,1.87,1262.0,HIIT,16.6,2.7,5,3,24.72,Normal weight,11.24777183600713
18,Female,52.3,1.74,187,165,58,1.2,990.0,Cardio,29.4,2.2,2,1,17.27,Underweight,13.75
42,Female,59.5,1.74,195,141,52,1.78,1129.0,Yoga,16.4,2.7,5,3,19.65,Normal weight,10.571161048689138
24,Female,72.9,1.76,175,127,68,0.86,546.0,Yoga,30.8,1.5,3,1,23.53,Normal weight,10.581395348837209
26,Female,76.7,1.63,199,139,72,1.08,751.0,Strength,25.6,1.7,2,1,28.87,Overweight,11.589506172839505
41,Male,72.1,1.83,175,133,58,1.13,744.0,Yoga,21.4,2.8,3,2,21.53,Normal weight,10.97345132743363
18,Female,54.8,1.68,176,158,71,1.27,1003.0,Strength,32.0,2.2,4,2,19.42,Normal weight,13.162729658792651
25,Male,105.0,1.88,174,156,67,1.34,1150.0,Cardio,21.4,2.3,3,2,29.71,Overweight,14.303482587064675
41,Female,55.0,1.55,175,169,65,1.45,1103.0,Strength,31.4,2.0,4,2,22.89,Normal weight,12.67816091954023
28,Male,81.6,1.66,174,153,50,1.09,917.0,Yoga,20.5,3.5,4,2,29.61,Overweight,14.021406727828746
34,Female,75.6,1.6,193,130,51,0.64,416.0,HIIT,29.1,2.7,2,1,29.53,Overweight,10.833333333333334
25,Male,81.5,1.61,170,159,63,1.93,1688.0,HIIT,10.9,3.5,4,3,31.44,Obese,14.57685664939551
52,Female,61.5,1.69,160,152,63,1.8,1231.0,Cardio,15.5,2.7,4,3,21.53,Normal weight,11.398148148148149
52,Male,74.0,1.63,174,150,50,1.26,936.0,Cardio,25.7,3.7,3,2,27.85,Overweight,12.380952380952381
50,Female,56.4,1.59,185,163,74,1.26,924.0,HIIT,34.3,2.6,3,1,22.31,Normal weight,12.222222222222223
22,Male,102.6,1.84,163,153,65,1.25,1052.0,Strength,20.5,2.7,3,2,30.3,Obese,14.026666666666667
59,Female,54.6,1.57,164,169,64,0.58,441.0,Cardio,29.2,2.3,3,1,22.15,Normal weight,12.67241379310345
56,Male,129.0,1.78,194,126,64,1.29,805.0,Yoga,27.1,2.7,2,1,40.71,Obese,10.400516795865633
58,Male,103.5,1.66,172,168,61,1.33,1106.0,Cardio,24.6,3.1,3,1,37.56,Obese,13.859649122807015
45,Female,59.4,1.51,169,142,65,1.15,735.0,Strength,33.1,1.9,4,2,26.05,Overweight,10.652173913043478
24,Female,60.1,1.79,170,165,63,1.97,1625.0,Cardio,15.9,2.7,4,3,18.76,Normal weight,13.747884940778341
26,Male,77.7,1.62,177,126,73,1.16,804.0,Yoga,29.6,3.0,3,2,29.61,Overweight,11.551724137931036
25,Female,41.2,1.62,193,144,64,1.49,1073.0,Yoga,28.9,2.1,4,2,15.7,Underweight,12.002237136465324
29,Male,58.6,1.61,198,122,72,1.2,805.0,Yoga,23.4,2.0,3,2,22.61,Normal weight,11.180555555555555
51,Male,109.3,1.78,182,157,64,0.54,420.0,Strength,28.7,3.3,3,1,34.5,Obese,12.96296296296296
50,Male,69.6,1.96,166,139,68,0.97,667.0,Strength,25.6,2.0,3,1,18.12,Underweight,11.460481099656358
40,Female,56.2,1.79,198,153,57,1.79,1369.0,Yoga,17.6,2.7,5,3,17.54,Underweight,12.746741154562383
41,Male,71.7,1.96,162,168,51,0.51,424.0,Yoga,27.3,2.5,2,1,18.66,Normal weight,13.856209150326796
54,Male,86.0,1.93,171,163,51,1.74,1404.0,Strength,12.9,3.5,5,3,23.09,Normal weight,13.448275862068964
52,Female,79.4,1.59,166,163,59,1.39,1020.0,Strength,26.6,1.5,3,2,31.41,Obese,12.230215827338132
57,Female,78.4,1.62,185,149,52,1.01,677.0,Strength,31.7,2.0,4,2,29.87,Overweight,11.17161716171617
39,Female,55.4,1.6,192,136,72,1.44,979.0,HIIT,26.3,1.6,3,2,21.64,Normal weight,11.331018518518519
44,Female,61.7,1.55,196,129,66,1.41,819.0,Strength,33.1,2.6,4,2,25.68,Overweight,9.680851063829788
52,Male,85.5,1.82,174,154,57,1.78,1357.0,Yoga,14.9,3.5,4,3,25.81,Overweight,12.705992509363297
18,Male,87.6,1.93,161,139,72,1.72,1315.0,HIIT,11.9,3.5,4,3,23.52,Normal weight,12.742248062015504
52,Male,82.4,1.72,166,137,53,1.01,685.0,Strength,24.4,2.7,4,2,27.85,Overweight,11.303630363036303
54,Male,67.0,1.68,191,164,63,0.55,446.0,Yoga,20.5,2.8,3,1,23.74,Normal weight,13.515151515151516
31,Female,42.3,1.6,163,163,70,1.09,888.0,Cardio,25.1,1.9,3,2,16.52,Underweight,13.577981651376145
20,Male,82.7,1.99,179,146,59,1.69,1357.0,HIIT,14.6,3.5,5,3,20.88,Normal weight,13.382642998027615
18,Male,92.4,1.74,195,168,50,1.41,1303.0,Yoga,21.3,3.1,2,1,30.52,Obese,15.401891252955084
22,Female,63.2,1.54,191,155,53,1.02,790.0,Cardio,29.5,2.4,4,2,26.65,Overweight,12.908496732026142
43,Male,82.7,1.85,187,142,50,1.22,858.0,Yoga,28.2,3.1,4,2,24.16,Normal weight,11.721311475409836
31,Male,86.6,1.76,172,151,66,1.29,1071.0,Strength,28.9,3.3,3,2,27.96,Overweight,13.837209302325581
56,Male,129.5,1.95,160,129,66,1.0,639.0,Strength,25.2,3.5,2,1,34.06,Obese,10.65
44,Male,98.0,1.83,194,130,56,1.28,824.0,Cardio,25.7,3.5,4,2,29.26,Overweight,10.729166666666668
26,Male,86.2,1.68,189,157,72,1.97,1701.0,Strength,13.3,3.5,5,3,30.54,Obese,14.390862944162436
32,Male,78.6,1.62,195,125,69,1.28,880.0,Yoga,29.6,3.1,3,1,29.95,Obese,11.458333333333334
32,Female,59.0,1.66,184,160,64,0.51,408.0,Cardio,31.0,1.8,2,1,21.41,Normal weight,13.333333333333332
43,Female,57.3,1.79,175,166,62,1.98,1479.0,Yoga,17.8,2.7,4,3,17.88,Underweight,12.44949494949495
59,Male,122.3,1.89,178,153,51,0.66,500.0,Yoga,20.1,3.1,3,1,34.24,Obese,12.626262626262626
30,Male,85.3,1.95,160,155,68,1.61,1373.0,Yoga,10.4,3.5,5,3,22.43,Normal weight,14.213250517598343
49,Female,45.2,1.74,164,156,73,1.24,870.0,Strength,30.8,2.1,3,2,14.93,Underweight,11.693548387096774
56,Male,55.6,1.92,181,136,62,0.68,458.0,Strength,29.4,3.2,3,1,15.08,Underweight,11.22549019607843
49,Male,82.8,1.95,183,159,73,1.91,1503.0,Yoga,14.3,3.5,5,3,21.78,Normal weight,13.115183246073299
21,Male,125.2,1.66,196,159,60,1.38,1207.0,HIIT,29.8,3.4,3,2,45.43,Obese,14.577294685990339
47,Female,58.5,1.79,195,131,71,1.42,837.0,Yoga,30.3,2.4,4,2,18.26,Underweight,9.823943661971832
54,Male,86.1,1.95,195,140,64,1.17,811.0,Yoga,27.9,3.4,2,1,22.64,Normal weight,11.552706552706555
40,Female,63.5,1.61,163,159,59,1.31,1041.0,Cardio,33.4,1.6,3,2,24.5,Normal weight,13.244274809160304
56,Male,69.3,1.68,195,138,58,0.66,451.0,Yoga,26.5,2.1,2,1,24.55,Normal weight,11.38888888888889
32,Female,70.5,1.62,177,122,58,1.24,756.0,Strength,28.4,1.8,2,1,26.86,Overweight,10.161290322580644
46,Female,60.1,1.65,175,137,69,1.69,1042.0,Cardio,17.3,2.7,4,3,22.08,Normal weight,10.276134122287969
53,Male,94.1,1.95,177,138,50,0.89,608.0,HIIT,28.6,3.5,3,1,24.75,Normal weight,11.385767790262173
30,Female,79.2,1.62,181,166,66,1.26,1046.0,Cardio,28.0,2.5,4,2,30.18,Obese,13.835978835978837
49,Male,115.3,1.91,161,125,61,1.38,854.0,HIIT,29.2,3.2,2,1,31.61,Obese,10.31400966183575
24,Female,62.9,1.79,180,135,59,1.42,958.0,Cardio,27.3,2.3,4,2,19.63,Normal weight,11.244131455399062
39,Male,62.0,1.64,195,127,54,0.97,678.0,Cardio,27.5,3.2,3,1,23.05,Normal weight,11.649484536082475
45,Male,88.5,1.78,198,167,67,1.53,1265.0,HIIT,13.2,3.5,4,3,27.93,Overweight,13.77995642701525
19,Female,73.9,1.77,198,137,64,1.28,877.0,Strength,32.5,2.6,3,2,23.59,Normal weight,11.419270833333334
59,Male,50.3,1.95,188,167,55,1.07,885.0,Strength,24.4,3.4,3,1,13.23,Underweight,13.785046728971961
23,Male,83.1,1.8,185,162,56,0.7,624.0,Strength,29.3,3.1,3,1,25.65,Overweight,14.857142857142858
45,Female,65.1,1.78,180,158,66,1.46,1038.0,Cardio,31.3,2.3,3,1,20.55,Normal weight,11.849315068493151
45,Male,46.6,1.79,176,168,55,1.46,1214.0,Yoga,22.9,2.4,3,2,14.54,Underweight,13.858447488584476
37,Male,103.5,1.89,175,168,57,0.54,499.0,Cardio,26.4,3.1,2,1,28.97,Overweight,15.401234567901232
47,Female,61.9,1.54,190,131,61,1.95,1150.0,Yoga,16.4,2.7,4,3,26.1,Overweight,9.82905982905983
28,Female,52.0,1.61,168,164,70,1.32,1082.0,Yoga,27.9,2.0,3,2,20.06,Normal weight,13.66161616161616
45,Male,113.4,1.71,190,129,63,0.83,530.0,Strength,24.0,2.3,2,1,38.78,Obese,10.642570281124499
42,Male,62.9,1.98,173,126,61,1.42,886.0,Yoga,28.5,3.4,4,2,16.04,Underweight,10.399061032863852
56,Female,40.4,1.8,196,165,72,1.23,913.0,Cardio,30.0,2.1,4,2,12.47,Underweight,12.371273712737128
50,Female,67.1,1.75,161,120,59,0.67,362.0,Cardio,31.8,2.7,3,1,21.91,Normal weight,9.00497512437811
18,Male,70.0,1.61,173,168,71,1.3,1201.0,Strength,23.9,2.5,2,1,27.01,Overweight,15.397435897435898
44,Female,69.5,1.75,192,155,69,1.02,711.0,HIIT,27.6,2.1,3,1,22.69,Normal weight,11.617647058823529
30,Male,107.9,1.66,194,140,64,1.08,832.0,Cardio,29.5,2.8,3,2,39.16,Obese,12.839506172839505
58,Male,109.0,1.91,198,156,56,1.49,1151.0,Yoga,26.0,2.2,3,2,29.88,Overweight,12.874720357941834
20,Male,101.0,1.91,179,143,58,1.36,1070.0,Cardio,29.3,2.7,3,2,27.69,Overweight,13.112745098039214
56,Male,88.5,1.85,161,144,59,1.57,1119.0,Cardio,11.0,3.5,4,3,25.86,Overweight,11.878980891719745
23,Male,80.9,1.8,178,126,59,1.55,1074.0,Cardio,10.7,3.5,4,3,24.97,Overweight,11.548387096774194
25,Female,43.1,1.62,196,161,65,1.04,837.0,HIIT,33.6,1.8,4,2,16.42,Underweight,13.413461538461537
44,Female,59.1,1.52,177,136,56,1.58,967.0,Yoga,18.4,2.7,5,3,25.58,Overweight,10.200421940928269
26,Female,54.0,1.53,175,148,54,1.14,844.0,Strength,26.9,1.7,3,1,23.07,Normal weight,12.339181286549708
54,Female,72.3,1.78,163,149,72,1.27,852.0,Cardio,27.7,1.8,2,1,22.82,Normal weight,11.181102362204724
50,Male,51.1,1.98,171,126,52,0.92,574.0,Yoga,28.0,2.4,2,1,13.03,Underweight,10.39855072463768
59,Male,89.4,1.72,188,152,67,1.08,813.0,Yoga,24.5,3.2,3,1,30.22,Obese,12.546296296296294
41,Male,51.5,1.8,166,126,60,1.09,680.0,Strength,26.7,2.1,4,2,15.9,Underweight,10.39755351681957
32,Male,87.9,1.88,173,143,64,1.52,1195.0,Cardio,11.6,3.5,5,3,24.87,Normal weight,13.103070175438596
49,Female,42.0,1.52,171,130,70,1.1,644.0,HIIT,28.8,2.2,3,1,18.18,Underweight,9.757575757575758
49,Male,79.2,1.72,194,128,69,1.46,925.0,Yoga,29.9,3.3,3,1,26.77,Overweight,10.559360730593609
41,Male,64.8,1.71,164,131,54,1.2,778.0,Strength,22.5,2.8,3,2,22.16,Normal weight,10.805555555555555
58,Female,63.0,1.78,176,154,73,1.58,1095.0,HIIT,17.5,2.7,4,3,19.88,Normal weight,11.550632911392404
29,Female,56.2,1.77,191,123,61,0.68,418.0,Yoga,33.4,2.6,3,1,17.94,Underweight,10.245098039215685
56,Female,52.9,1.64,169,155,53,1.1,767.0,Cardio,27.4,2.3,3,2,19.67,Normal weight,11.621212121212121
19,Female,49.0,1.69,176,147,64,1.05,772.0,Yoga,29.2,2.4,3,1,17.16,Underweight,12.253968253968255
20,Male,128.2,1.84,164,132,58,0.83,603.0,HIIT,26.2,2.3,3,1,37.87,Obese,12.10843373493976
54,Male,83.6,1.86,168,142,56,1.54,1082.0,HIIT,12.4,3.5,5,3,24.16,Normal weight,11.709956709956709
34,Female,56.2,1.77,192,138,59,1.81,1249.0,Cardio,17.3,2.7,5,3,17.94,Underweight,11.500920810313074
19,Male,87.8,1.78,195,161,72,1.28,1133.0,Cardio,23.6,3.3,2,1,27.71,Overweight,14.752604166666668
19,Male,85.9,1.85,195,156,62,1.66,1424.0,Strength,12.9,3.5,4,3,25.1,Overweight,14.29718875502008
45,Male,51.1,1.87,177,158,57,1.44,1126.0,Cardio,26.2,3.4,4,2,14.61,Underweight,13.032407407407408
40,Female,57.4,1.71,168,143,61,1.87,1337.0,Strength,18.3,2.7,5,3,19.63,Normal weight,11.916221033868093
54,Male,114.9,1.92,188,135,71,1.2,802.0,HIIT,20.7,2.6,4,2,31.17,Obese,11.13888888888889
49,Female,62.1,1.66,173,152,73,1.37,937.0,HIIT,31.3,1.8,3,2,22.54,Normal weight,11.399026763990268
50,Male,57.1,1.91,184,131,68,1.09,707.0,Yoga,29.5,2.7,4,2,15.65,Underweight,10.810397553516818
18,Male,68.1,1.8,174,153,50,1.1,926.0,Yoga,25.4,3.3,4,2,21.02,Normal weight,14.030303030303031
36,Male,69.2,1.65,165,126,65,1.23,852.0,Strength,27.2,2.7,3,1,25.42,Overweight,11.544715447154472
19,Female,65.2,1.52,188,130,71,1.23,800.0,Cardio,30.6,2.4,3,1,28.22,Overweight,10.840108401084011
43,Male,108.6,1.73,174,150,66,1.33,988.0,Cardio,28.5,2.2,2,1,36.29,Obese,12.38095238095238
49,Female,40.0,1.65,188,148,74,1.03,686.0,Yoga,34.3,2.5,3,2,14.69,Underweight,11.100323624595468
23,Female,41.9,1.58,163,132,67,0.56,370.0,HIIT,26.8,1.8,3,1,16.78,Underweight,11.011904761904761
49,Female,68.3,1.52,177,150,60,1.45,979.0,Strength,29.4,1.8,4,2,29.56,Overweight,11.25287356321839
21,Male,88.4,1.6,198,121,67,1.71,1138.0,HIIT,12.0,3.5,4,3,34.53,Obese,11.091617933723198
28,Male,66.0,1.9,175,158,56,1.18,1025.0,HIIT,24.1,3.0,3,1,18.28,Underweight,14.477401129943503
34,Male,71.9,1.64,170,134,67,1.26,929.0,Cardio,21.3,2.1,4,2,26.73,Overweight,12.28835978835979
55,Male,75.6,1.71,173,130,57,1.03,663.0,Strength,28.1,2.0,4,2,25.85,Overweight,10.728155339805825
41,Female,63.4,1.59,162,153,55,1.84,1267.0,HIIT,15.2,2.7,5,3,25.08,Overweight,11.476449275362318
22,Female,71.6,1.77,197,158,56,1.49,1177.0,Yoga,30.3,1.8,3,1,22.85,Normal weight,13.165548098434003
51,Female,57.4,1.77,177,123,72,1.08,598.0,Yoga,31.6,2.1,4,2,18.32,Underweight,9.228395061728394
23,Male,83.8,1.99,179,130,71,1.79,1280.0,Cardio,11.0,3.5,4,3,21.16,Normal weight,11.91806331471136
39,Female,55.9,1.71,184,148,59,1.95,1443.0,Yoga,19.5,2.7,5,3,19.12,Normal weight,12.333333333333334
28,Male,87.0,1.76,197,121,60,1.2,799.0,Yoga,28.4,3.5,3,2,28.09,Overweight,11.097222222222221
33,Female,65.3,1.71,172,135,74,1.18,796.0,HIIT,29.7,2.5,4,2,22.33,Normal weight,11.242937853107344
50,Male,45.4,1.67,163,158,62,1.37,1071.0,Yoga,24.1,2.8,4,2,16.28,Underweight,13.02919708029197
26,Male,87.1,1.87,173,132,58,1.71,1241.0,Yoga,11.2,3.5,4,3,24.91,Overweight,12.09551656920078
23,Female,78.6,1.73,192,156,56,1.47,1147.0,HIIT,32.3,1.5,4,2,26.26,Overweight,13.00453514739229
33,Female,78.0,1.71,187,136,58,1.08,734.0,Cardio,26.3,2.1,3,1,26.67,Overweight,11.327160493827158
46,Female,58.0,1.53,196,140,62,1.83,1153.0,Cardio,18.4,2.7,4,3,24.78,Normal weight,10.500910746812385
20,Female,71.3,1.69,167,163,52,1.28,1043.0,Strength,33.4,2.3,3,2,24.96,Overweight,13.580729166666668
37,Male,49.1,1.74,193,138,52,1.11,842.0,Yoga,22.3,2.6,3,2,16.22,Underweight,12.642642642642642
53,Female,78.3,1.65,164,126,50,1.24,703.0,HIIT,33.7,1.6,3,1,28.76,Overweight,9.448924731182794
36,Female,57.3,1.64,164,157,70,1.13,887.0,Strength,25.3,1.8,4,2,21.3,Normal weight,13.08259587020649
43,Female,48.4,1.61,190,127,69,1.28,732.0,Cardio,34.1,2.4,2,1,18.67,Normal weight,9.53125
20,Male,76.4,1.62,168,132,51,1.35,980.0,Cardio,21.2,2.6,4,2,29.11,Overweight,12.098765432098766
36,Male,110.2,1.77,191,156,74,1.19,1021.0,HIIT,26.5,3.4,2,1,35.18,Obese,14.299719887955185
37,Female,72.9,1.76,192,121,52,1.21,732.0,Strength,27.5,1.9,3,2,23.53,Normal weight,10.082644628099175
49,Male,82.1,1.86,162,160,64,1.87,1481.0,Strength,14.2,3.5,4,3,23.73,Normal weight,13.19964349376114
24,Female,58.9,1.76,189,130,73,0.63,410.0,HIIT,30.1,1.7,3,1,19.01,Normal weight,10.846560846560847
58,Male,82.2,1.87,171,143,55,1.57,1111.0,HIIT,10.7,3.5,4,3,23.51,Normal weight,11.794055201698514
50,Male,96.7,1.72,188,125,62,1.46,903.0,Strength,25.7,2.7,3,2,32.69,Obese,10.308219178082192
57,Male,81.4,1.86,162,145,70,1.8,1292.0,Cardio,12.0,3.5,5,3,23.53,Normal weight,11.962962962962964
56,Male,107.8,1.73,185,126,50,1.09,680.0,Yoga,26.6,2.8,3,2,36.02,Obese,10.39755351681957
35,Female,65.8,1.62,189,158,69,1.0,790.0,Cardio,33.8,1.5,4,2,25.07,Overweight,13.166666666666666
57,Female,68.5,1.56,168,138,68,1.45,900.0,HIIT,29.1,1.6,4,2,28.15,Overweight,10.344827586206897
18,Female,63.9,1.59,185,125,50,1.87,1169.0,Strength,16.4,2.7,4,3,25.28,Overweight,10.418894830659536
28,Male,76.3,1.62,161,162,70,1.16,1034.0,Strength,20.1,2.3,3,2,29.07,Overweight,14.856321839080461
45,Female,44.5,1.65,162,148,71,1.44,959.0,Yoga,30.7,1.6,3,1,16.35,Underweight,11.099537037037038
42,Female,50.7,1.75,163,162,51,1.29,940.0,Strength,29.0,1.9,3,2,16.56,Underweight,12.14470284237726
40,Female,55.1,1.61,184,158,64,1.55,1224.0,Yoga,16.9,2.7,4,3,21.26,Normal weight,13.161290322580646
48,Male,73.7,1.61,172,121,63,1.36,815.0,Cardio,21.8,3.6,4,2,28.43,Overweight,9.987745098039214
47,Male,55.6,1.77,198,138,68,1.2,820.0,Cardio,24.3,2.9,4,2,17.75,Underweight,11.38888888888889
59,Male,86.9,1.76,194,123,60,1.13,688.0,Strength,29.8,3.1,3,2,28.05,Overweight,10.147492625368733
52,Female,60.3,1.68,182,125,64,1.6,900.0,Strength,16.5,2.7,4,3,21.36,Normal weight,9.375
24,Female,40.4,1.64,168,168,55,0.99,832.0,HIIT,31.0,1.9,2,1,15.02,Underweight,14.006734006734007
33,Female,78.5,1.66,161,156,69,1.29,1006.0,HIIT,32.8,1.9,4,2,28.49,Overweight,12.997416020671833
43,Male,102.6,1.72,190,147,58,0.82,597.0,Strength,27.5,2.0,2,1,34.68,Obese,12.134146341463415
19,Male,110.8,1.91,161,149,54,1.31,1074.0,Strength,23.3,2.9,2,1,30.37,Obese,13.66412213740458
18,Female,60.9,1.79,191,126,69,1.11,699.0,Cardio,31.1,2.1,2,1,19.01,Normal weight,10.495495495495494
29,Male,55.7,1.61,177,128,51,1.41,993.0,Strength,28.7,2.3,3,1,21.49,Normal weight,11.73758865248227
22,Male,110.5,1.92,172,144,55,1.16,919.0,HIIT,20.2,3.3,3,2,29.98,Obese,13.204022988505749
54,Male,55.2,1.71,164,152,67,0.77,579.0,Cardio,24.4,2.8,2,1,18.88,Normal weight,12.532467532467532
49,Male,46.5,1.72,169,120,72,1.4,832.0,Yoga,22.2,2.6,4,2,15.72,Underweight,9.904761904761905
26,Female,70.9,1.66,184,125,68,0.81,506.0,HIIT,28.9,1.7,3,1,25.73,Overweight,10.411522633744855
58,Male,74.6,1.75,193,137,58,1.09,739.0,HIIT,24.2,2.9,2,1,24.36,Normal weight,11.299694189602446
52,Male,45.1,1.72,196,129,70,0.93,594.0,Cardio,27.5,3.3,2,1,15.24,Underweight,10.64516129032258
36,Male,99.9,1.99,189,147,73,1.33,1075.0,Yoga,20.9,2.5,3,1,25.23,Overweight,13.471177944862154
33,Male,117.0,1.61,166,130,55,1.04,744.0,HIIT,25.1,2.4,3,2,45.14,Obese,11.923076923076922
20,Female,75.9,1.73,165,152,63,1.39,1056.0,Strength,30.6,2.1,4,2,25.36,Overweight,12.661870503597124
37,Female,71.2,1.64,162,120,73,1.11,666.0,HIIT,29.9,1.7,3,2,26.47,Overweight,9.999999999999998
41,Male,78.8,1.72,172,132,62,1.01,660.0,Cardio,27.3,3.1,4,2,26.64,Overweight,10.89108910891089
50,Male,50.6,1.69,162,156,60,1.31,1012.0,Cardio,23.8,3.0,2,1,17.72,Underweight,12.87531806615776
41,Male,82.5,1.79,185,139,61,1.69,1163.0,Cardio,14.7,3.5,4,3,25.75,Overweight,11.469428007889547
28,Male,108.5,1.79,183,120,68,1.33,878.0,HIIT,24.8,2.1,4,2,33.86,Obese,11.00250626566416
25,Male,49.9,1.98,165,122,68,1.15,772.0,Yoga,25.7,2.1,3,2,12.73,Underweight,11.18840579710145
53,Male,125.1,1.91,171,137,70,0.52,353.0,Strength,28.3,3.1,2,1,34.29,Obese,11.314102564102564
55,Female,79.7,1.66,195,160,68,1.06,763.0,Cardio,27.8,1.9,2,1,28.92,Overweight,11.99685534591195
57,Male,126.8,1.63,161,133,73,0.96,632.0,Yoga,20.8,2.1,2,1,47.72,Obese,10.972222222222223
37,Female,54.6,1.57,170,150,62,1.31,982.0,Strength,32.1,2.4,3,1,22.15,Normal weight,12.493638676844782
52,Female,47.8,1.54,198,146,63,1.34,880.0,Cardio,29.8,1.9,3,2,20.16,Normal weight,10.945273631840795
42,Male,97.9,1.91,193,136,73,1.01,680.0,Strength,29.0,2.8,3,2,26.84,Overweight,11.221122112211221
52,Female,63.1,1.54,185,165,67,1.36,1010.0,Strength,34.8,1.8,3,2,26.61,Overweight,12.377450980392156
42,Female,72.4,1.69,177,148,61,1.07,713.0,Yoga,29.0,2.3,3,2,25.35,Overweight,11.105919003115265
46,Female,58.9,1.7,180,155,53,1.52,1060.0,Strength,17.1,2.7,4,3,20.38,Normal weight,11.62280701754386
35,Female,50.4,1.6,195,156,59,1.03,803.0,Cardio,29.1,1.9,4,2,19.69,Normal weight,12.993527508090613
35,Female,64.2,1.59,199,145,66,1.63,1182.0,Yoga,16.6,2.7,5,3,25.39,Overweight,12.085889570552148
19,Female,58.8,1.77,181,136,53,1.4,952.0,HIIT,32.8,2.7,2,1,18.77,Normal weight,11.333333333333334
52,Male,105.2,1.62,189,141,61,1.36,949.0,HIIT,27.6,3.2,3,1,40.09,Obese,11.629901960784313
33,Female,45.9,1.5,189,144,62,0.92,662.0,Yoga,29.8,1.7,3,1,20.4,Normal weight,11.992753623188404
58,Female,65.2,1.63,167,121,53,1.12,610.0,HIIT,25.4,2.0,3,2,24.54,Normal weight,9.077380952380953
53,Female,56.3,1.79,193,141,59,1.52,964.0,Strength,16.5,2.7,5,3,17.57,Underweight,10.570175438596491
50,Male,90.0,1.7,168,124,74,0.81,497.0,Cardio,22.9,2.7,2,1,31.14,Obese,10.22633744855967
21,Female,60.0,1.7,179,123,52,1.97,1212.0,Strength,19.1,2.7,5,3,20.76,Normal weight,10.253807106598984
50,Male,51.5,1.71,199,155,64,1.48,1136.0,Yoga,20.9,2.9,2,1,17.61,Underweight,12.792792792792794
31,Female,63.1,1.64,184,125,51,1.54,962.0,Cardio,19.0,2.7,4,3,23.46,Normal weight,10.41125541125541
38,Male,91.5,1.77,178,140,74,0.8,616.0,Yoga,26.7,3.4,2,1,29.21,Overweight,12.833333333333334
37,Male,48.7,1.67,164,132,74,1.39,1009.0,Yoga,27.3,3.0,2,1,17.46,Underweight,12.098321342925662
25,Female,57.8,1.56,170,156,66,1.35,1053.0,Yoga,29.3,1.6,3,2,23.75,Normal weight,13.0
24,Female,42.0,1.75,174,144,55,0.83,598.0,Strength,31.8,2.3,3,1,13.71,Underweight,12.008032128514056
20,Male,128.4,1.92,167,145,57,0.63,502.0,Cardio,26.1,2.0,2,1,34.83,Obese,13.280423280423282
34,Female,74.2,1.57,178,158,52,1.47,1161.0,Cardio,32.7,2.4,3,1,30.1,Obese,13.16326530612245
50,Male,89.6,1.68,182,139,74,1.79,1232.0,Cardio,12.2,3.5,5,3,31.75,Obese,11.471135940409683
29,Male,125.9,2.0,186,152,67,1.36,1137.0,Strength,24.7,3.1,4,2,31.48,Obese,13.933823529411763
39,Male,105.5,1.99,199,133,71,0.81,593.0,HIIT,26.4,2.5,2,1,26.64,Overweight,12.201646090534979
39,Male,93.4,1.7,191,155,50,1.1,938.0,Strength,21.1,2.5,4,2,32.32,Obese,14.212121212121213
47,Male,82.1,1.84,185,136,65,1.37,922.0,Strength,24.4,3.4,4,2,24.25,Normal weight,11.216545012165449
55,Female,42.9,1.69,186,140,56,0.9,567.0,Yoga,34.7,2.4,2,1,15.02,Underweight,10.5
55,Male,128.4,1.68,178,165,52,1.13,923.0,Cardio,20.4,2.6,4,2,45.49,Obese,13.613569321533923
25,Male,112.4,1.96,188,135,72,1.42,1054.0,Cardio,23.2,2.5,2,1,29.26,Overweight,12.370892018779344
44,Female,77.7,1.79,198,165,53,1.41,1047.0,HIIT,28.1,2.2,3,1,24.25,Normal weight,12.375886524822695
44,Male,89.3,1.99,192,135,58,1.4,936.0,HIIT,26.3,2.0,4,2,22.55,Normal weight,11.142857142857142
51,Female,70.3,1.55,178,139,54,1.4,876.0,Yoga,26.1,1.6,3,1,29.26,Overweight,10.428571428571429
38,Female,59.1,1.72,196,148,68,1.07,792.0,Cardio,31.3,1.7,3,2,19.98,Normal weight,12.33644859813084
47,Female,49.9,1.69,178,147,64,1.48,979.0,HIIT,26.0,1.7,3,2,17.47,Underweight,11.024774774774775
50,Male,101.7,1.67,192,127,57,0.53,333.0,HIIT,20.9,2.9,2,1,36.47,Obese,10.471698113207546
45,Male,93.0,1.91,175,143,55,1.03,729.0,Cardio,27.3,3.7,3,2,25.49,Overweight,11.796116504854368
50,Male,87.4,1.6,182,122,67,0.77,465.0,Strength,23.2,3.1,2,1,34.14,Obese,10.064935064935064
22,Female,55.1,1.61,166,144,68,1.62,1166.0,HIIT,19.9,2.7,4,3,21.26,Normal weight,11.995884773662551
36,Male,123.7,1.69,185,138,73,1.3,987.0,Cardio,20.4,2.1,4,2,43.31,Obese,12.653846153846153
21,Female,61.3,1.57,191,152,64,1.94,1474.0,HIIT,17.2,2.7,4,3,24.87,Normal weight,12.66323024054983
52,Male,72.3,1.94,171,121,56,1.46,874.0,Yoga,21.1,2.9,3,2,19.21,Normal weight,9.97716894977169
34,Female,69.2,1.53,167,134,59,1.36,911.0,HIIT,28.5,2.1,2,1,29.56,Overweight,11.164215686274508
45,Male,81.4,1.61,164,141,55,1.14,796.0,Cardio,30.0,2.2,4,2,31.4,Obese,11.637426900584797
47,Male,84.8,1.86,187,129,63,1.85,1181.0,HIIT,14.4,3.5,5,3,24.51,Normal weight,10.63963963963964
46,Male,55.1,1.72,164,137,66,1.43,970.0,Yoga,20.5,3.6,3,2,18.62,Normal weight,11.305361305361306
23,Female,59.0,1.78,185,141,58,1.67,1177.0,Yoga,17.8,2.7,5,3,18.62,Normal weight,11.746506986027946
52,Female,64.9,1.51,164,165,68,1.83,1359.0,HIIT,18.2,2.7,4,3,28.46,Overweight,12.377049180327868
58,Male,109.7,1.75,181,168,54,1.01,840.0,HIIT,22.1,2.7,2,1,35.82,Obese,13.861386138613861
54,Male,78.4,1.9,174,146,72,0.81,585.0,Yoga,21.5,3.7,2,1,21.72,Normal weight,12.037037037037036
41,Female,76.7,1.79,172,132,56,1.4,832.0,Yoga,34.0,2.0,4,2,23.94,Normal weight,9.904761904761905
46,Female,63.1,1.61,187,152,68,1.0,684.0,Strength,34.7,2.2,4,2,24.34,Normal weight,11.4
48,Female,62.9,1.58,192,124,69,1.98,1105.0,Strength,20.0,2.7,4,3,25.2,Overweight,9.301346801346801
52,Male,85.6,1.74,182,145,56,1.84,1321.0,Yoga,13.9,3.5,4,3,28.27,Overweight,11.965579710144928
50,Female,66.3,1.57,192,132,73,1.25,742.0,HIIT,31.6,1.6,2,1,26.9,Overweight,9.893333333333333
38,Male,61.3,1.97,177,146,51,1.37,1100.0,Cardio,23.5,2.8,3,1,15.8,Underweight,13.38199513381995
49,Female,44.1,1.65,189,133,74,1.16,694.0,HIIT,26.7,1.8,4,2,16.2,Underweight,9.971264367816092
40,Male,63.8,1.62,185,143,72,1.3,1022.0,HIIT,20.8,3.4,2,1,24.31,Normal weight,13.102564102564102
50,Female,55.4,1.55,175,122,65,1.85,1016.0,Strength,18.5,2.7,4,3,23.06,Normal weight,9.153153153153154
20,Female,74.7,1.58,172,166,62,1.04,863.0,Strength,32.8,2.4,3,2,29.92,Obese,13.830128205128204
35,Female,78.0,1.67,198,168,57,1.13,949.0,Strength,33.3,2.5,4,2,27.97,Overweight,13.997050147492626
42,Female,57.5,1.67,192,149,55,1.14,764.0,Yoga,34.1,2.4,2,1,20.62,Normal weight,11.169590643274855
59,Female,60.7,1.73,185,154,55,1.03,714.0,Yoga,33.8,2.5,3,2,20.28,Normal weight,11.553398058252426
48,Male,69.0,1.74,160,167,58,1.48,1223.0,HIIT,30.0,2.3,3,2,22.79,Normal weight,13.772522522522523
20,Female,75.8,1.78,197,133,53,1.42,944.0,HIIT,27.4,2.0,4,2,23.92,Normal weight,11.079812206572772
57,Female,75.7,1.63,161,131,60,0.69,407.0,Cardio,32.6,2.3,3,1,28.49,Overweight,9.830917874396135
41,Female,71.2,1.64,165,147,54,1.42,939.0,HIIT,30.9,2.3,3,2,26.47,Overweight,11.021126760563382
49,Male,85.0,1.68,197,163,74,1.82,1468.0,HIIT,11.3,3.5,4,3,30.12,Obese,13.443223443223443
39,Female,63.6,1.56,183,148,66,1.22,903.0,Strength,34.8,2.4,2,1,26.13,Overweight,12.336065573770492
40,Male,73.2,1.94,177,162,69,0.81,722.0,Strength,29.0,2.4,2,1,19.45,Normal weight,14.8559670781893
19,Female,48.3,1.52,186,136,56,0.96,653.0,Strength,26.3,1.6,2,1,20.91,Normal weight,11.336805555555557
44,Female,42.8,1.78,167,159,64,1.49,1066.0,Strength,25.3,2.6,3,2,13.51,Underweight,11.92393736017897
59,Male,88.1,1.76,187,168,74,1.35,1123.0,Strength,26.9,3.0,3,2,28.44,Overweight,13.864197530864198
19,Female,72.4,1.75,169,140,64,1.2,840.0,Cardio,31.0,1.7,4,2,23.64,Normal weight,11.666666666666666
43,Male,73.2,1.88,176,142,63,1.17,822.0,Cardio,29.4,3.3,3,1,20.71,Normal weight,11.70940170940171
34,Male,110.5,1.86,188,139,62,1.42,1086.0,Cardio,22.3,3.6,2,1,31.94,Obese,12.746478873239438
57,Female,46.1,1.76,165,130,60,1.44,842.0,Strength,25.8,1.7,3,2,14.88,Underweight,9.745370370370372
50,Male,90.8,1.71,173,153,62,1.07,810.0,Yoga,22.6,3.4,4,2,31.05,Obese,12.616822429906541
26,Female,59.3,1.51,181,129,71,1.7,1096.0,Strength,15.1,2.7,5,3,26.01,Overweight,10.745098039215685
56,Female,45.1,1.73,165,129,73,0.83,482.0,Strength,25.4,2.6,3,1,15.07,Underweight,9.678714859437752
46,Male,45.0,1.77,185,162,58,1.48,1187.0,Cardio,29.1,3.6,3,2,14.36,Underweight,13.367117117117118
59,Male,89.4,1.62,198,125,59,1.43,885.0,Strength,23.5,3.6,3,2,34.06,Obese,10.314685314685315
43,Male,127.7,1.69,171,155,53,1.14,875.0,Cardio,24.1,2.9,3,2,44.71,Obese,12.792397660818715
52,Male,70.9,1.72,194,143,66,1.31,927.0,Strength,20.2,2.6,3,2,23.97,Normal weight,11.793893129770991
42,Female,49.2,1.5,173,131,63,1.15,678.0,HIIT,27.7,1.5,3,2,21.87,Normal weight,9.826086956521738
41,Female,62.3,1.79,181,162,73,1.99,1451.0,Yoga,19.0,2.7,5,3,19.44,Normal weight,12.152428810720268
30,Male,64.1,1.87,182,142,67,0.64,500.0,Yoga,26.2,2.1,2,1,18.33,Underweight,13.020833333333334
24,Female,69.7,1.75,166,146,60,1.41,1029.0,Cardio,32.5,2.0,3,1,22.76,Normal weight,12.163120567375888
53,Female,56.9,1.59,199,164,65,1.49,1100.0,HIIT,29.5,2.0,3,2,22.51,Normal weight,12.304250559284116
37,Female,53.0,1.71,184,156,50,1.13,881.0,Yoga,28.1,1.7,4,2,18.13,Underweight,12.994100294985252
18,Female,72.7,1.55,172,125,56,0.84,525.0,Cardio,29.8,2.0,3,1,30.26,Obese,10.416666666666666
25,Male,76.5,1.96,180,120,59,0.67,442.0,Strength,23.2,2.3,3,1,19.91,Normal weight,10.99502487562189
33,Male,113.6,1.99,169,125,58,1.38,949.0,Strength,28.4,3.4,2,1,28.69,Overweight,11.46135265700483
31,Female,62.5,1.62,168,169,74,1.56,1318.0,HIIT,16.5,2.7,4,3,23.81,Normal weight,14.08119658119658
29,Male,95.2,1.86,174,141,52,0.64,496.0,Yoga,26.6,2.5,2,1,27.52,Overweight,12.916666666666668
40,Male,51.7,1.82,161,160,71,0.9,792.0,Strength,21.4,3.0,3,1,15.61,Underweight,14.666666666666666
32,Male,105.3,1.67,184,143,72,0.57,448.0,Cardio,26.9,2.9,3,1,37.76,Obese,13.099415204678364
45,Female,71.2,1.68,172,144,63,1.37,888.0,Strength,34.1,1.6,3,1,25.23,Overweight,10.802919708029197
51,Female,78.1,1.51,193,134,74,0.92,555.0,Strength,31.1,2.6,3,1,34.25,Obese,10.054347826086955
19,Female,50.6,1.68,193,145,64,1.21,877.0,Yoga,30.6,2.1,3,2,17.93,Underweight,12.079889807162536
49,Male,70.2,1.89,194,127,51,0.7,440.0,Yoga,29.6,2.6,3,1,19.65,Normal weight,10.476190476190476
40,Female,62.6,1.53,197,143,73,1.93,1380.0,Cardio,18.1,2.7,5,3,26.74,Overweight,11.917098445595855
39,Female,60.6,1.65,162,167,63,0.92,768.0,HIIT,27.6,1.7,3,1,22.26,Normal weight,13.91304347826087
42,Male,76.4,1.97,165,157,65,1.14,886.0,HIIT,22.9,2.6,3,2,19.69,Normal weight,12.953216374269008
39,Female,63.3,1.71,178,125,56,1.88,1175.0,Strength,18.5,2.7,4,3,21.65,Normal weight,10.416666666666666
39,Female,68.6,1.64,162,154,53,1.33,1024.0,Cardio,32.4,1.5,3,2,25.51,Overweight,12.83208020050125
59,Male,123.3,1.88,177,161,67,1.3,1036.0,HIIT,23.0,2.6,4,2,34.89,Obese,13.282051282051283
23,Male,107.0,1.94,198,120,73,1.35,891.0,HIIT,23.5,2.9,2,1,28.43,Overweight,11.0
32,Male,68.3,1.92,168,165,54,1.42,1289.0,Strength,29.9,3.5,2,1,18.53,Normal weight,15.12910798122066
54,Female,47.8,1.6,171,155,55,1.19,830.0,Cardio,26.0,2.3,4,2,18.67,Normal weight,11.624649859943979
50,Female,58.4,1.79,164,131,56,1.6,943.0,HIIT,17.0,2.7,4,3,18.23,Underweight,9.822916666666666
25,Female,74.3,1.71,162,157,64,1.43,1123.0,Yoga,25.6,1.6,3,2,25.41,Overweight,13.088578088578089
22,Male,106.8,1.82,170,130,50,1.0,715.0,Yoga,28.2,2.3,4,2,32.24,Obese,11.916666666666666
56,Male,125.5,1.8,189,131,73,1.26,817.0,Strength,20.9,2.7,4,2,38.73,Obese,10.806878306878307
21,Female,55.2,1.55,163,161,53,1.37,1103.0,Strength,31.7,1.7,4,2,22.98,Normal weight,13.418491484184914
23,Female,71.4,1.72,164,169,74,1.25,1056.0,Strength,25.6,1.5,2,1,24.13,Normal weight,14.08
49,Male,77.7,1.61,160,158,50,1.03,806.0,Strength,26.7,3.4,3,2,29.98,Obese,13.042071197411003
47,Male,88.4,1.6,186,126,60,1.86,1160.0,HIIT,14.2,3.5,5,3,34.53,Obese,10.39426523297491
52,Male,104.8,1.99,187,130,67,0.93,598.0,Cardio,24.0,2.0,2,1,26.46,Overweight,10.7168458781362
57,Male,82.2,1.69,188,155,63,1.15,882.0,Strength,25.2,3.4,4,2,28.78,Overweight,12.782608695652174
33,Female,68.2,1.75,177,150,71,0.85,638.0,Strength,29.0,1.7,2,1,22.27,Normal weight,12.509803921568627
30,Male,91.4,1.99,171,152,60,1.37,1145.0,HIIT,23.0,3.7,3,2,23.08,Normal weight,13.929440389294403
59,Female,42.1,1.65,172,132,59,1.22,725.0,Strength,33.0,2.2,2,1,15.46,Underweight,9.904371584699453
47,Female,68.7,1.76,161,137,66,1.37,845.0,Strength,27.7,2.4,3,2,22.18,Normal weight,10.279805352798054
36,Female,47.2,1.74,196,160,53,1.5,1200.0,Cardio,32.2,1.6,4,2,15.59,Underweight,13.333333333333334
34,Male,92.0,1.76,175,143,73,0.73,574.0,Yoga,22.1,3.5,3,1,29.7,Overweight,13.10502283105023
36,Male,56.2,1.95,183,128,64,1.09,767.0,Strength,22.5,3.4,4,2,14.78,Underweight,11.72782874617737
45,Male,58.4,1.72,194,150,65,1.31,973.0,HIIT,23.4,3.1,4,2,19.74,Normal weight,12.37913486005089
43,Male,82.9,1.95,181,160,70,1.9,1505.0,Cardio,12.9,3.5,5,3,21.8,Normal weight,13.201754385964913
54,Female,66.9,1.74,195,129,62,1.24,720.0,HIIT,29.5,2.1,2,1,22.1,Normal weight,9.677419354838708
43,Male,66.3,1.85,170,121,58,1.18,707.0,Cardio,27.5,3.2,2,1,19.37,Normal weight,9.98587570621469
40,Male,93.6,1.93,188,157,60,1.38,1192.0,Cardio,22.1,2.0,3,1,25.13,Overweight,14.396135265700483
26,Female,64.1,1.5,194,134,60,1.93,1293.0,Strength,15.1,2.7,5,3,28.49,Overweight,11.16580310880829
29,Male,86.7,1.62,174,122,55,1.52,1020.0,Strength,13.9,3.5,4,3,33.04,Obese,11.18421052631579
18,Female,62.0,1.59,190,162,50,1.23,996.0,Strength,33.2,2.2,4,2,24.52,Normal weight,13.495934959349594
18,Female,58.1,1.61,175,150,71,1.9,1425.0,Yoga,15.3,2.7,4,3,22.41,Normal weight,12.5
51,Female,64.9,1.6,169,125,55,1.49,838.0,Yoga,31.1,2.5,4,2,25.35,Overweight,9.373601789709172
49,Female,69.3,1.62,191,122,62,1.14,626.0,HIIT,28.8,1.9,4,2,26.41,Overweight,9.152046783625732
42,Female,42.7,1.74,161,130,71,1.04,608.0,Strength,32.9,1.6,3,1,14.1,Underweight,9.743589743589743
57,Female,51.4,1.63,183,134,73,1.2,724.0,Yoga,33.7,2.0,4,2,19.35,Normal weight,10.055555555555555
18,Female,67.4,1.6,182,164,71,0.6,492.0,Strength,33.5,2.4,3,1,26.33,Overweight,13.666666666666666
33,Female,55.6,1.61,161,147,54,1.77,1301.0,Yoga,18.9,2.7,4,3,21.45,Normal weight,12.250470809792843
56,Male,125.3,1.86,197,129,64,1.0,639.0,Yoga,22.7,2.2,3,2,36.22,Obese,10.65
22,Male,102.1,1.85,190,157,67,1.48,1278.0,Cardio,28.1,2.4,4,2,29.83,Overweight,14.391891891891893
39,Male,61.9,1.77,199,166,69,1.32,1205.0,Strength,25.3,2.3,3,1,19.76,Normal weight,15.214646464646464
46,Male,108.8,1.64,185,169,63,1.4,1171.0,Strength,20.5,3.4,3,1,40.45,Obese,13.94047619047619
20,Female,51.1,1.58,188,169,64,0.5,422.0,Yoga,29.6,1.6,2,1,20.47,Normal weight,14.066666666666666
29,Male,81.7,1.99,162,126,54,1.45,1005.0,Strength,29.4,3.2,2,1,20.63,Normal weight,11.551724137931034
43,Female,42.7,1.66,173,134,53,0.73,440.0,Yoga,33.9,1.9,2,1,15.5,Underweight,10.045662100456621
33,Male,81.8,1.99,184,137,51,1.59,1198.0,Strength,10.5,3.5,4,3,20.66,Normal weight,12.557651991614255
54,Male,54.6,1.76,160,137,56,1.28,868.0,Cardio,27.4,3.3,4,2,17.63,Underweight,11.302083333333334
39,Male,107.7,1.88,162,160,59,0.72,634.0,Strength,28.1,3.6,2,1,30.47,Obese,14.675925925925927
46,Female,56.9,1.6,185,143,65,0.88,566.0,Cardio,27.7,1.6,3,1,22.23,Normal weight,10.71969696969697
31,Male,78.8,1.71,177,121,59,1.49,992.0,HIIT,24.7,2.5,4,2,26.95,Overweight,11.096196868008947
45,Female,48.2,1.64,168,159,67,1.25,894.0,Strength,32.1,2.5,4,2,17.92,Underweight,11.92
22,Female,50.7,1.59,197,139,66,1.27,883.0,Strength,29.4,1.8,3,2,20.05,Normal weight,11.587926509186351
47,Male,86.6,1.99,182,153,70,1.98,1500.0,Strength,10.6,3.5,4,3,21.87,Normal weight,12.626262626262626
22,Male,96.3,1.63,180,162,62,1.35,1203.0,Cardio,27.1,2.4,4,2,36.25,Obese,14.851851851851851
29,Male,80.8,1.98,160,145,50,1.65,1316.0,Strength,14.6,3.5,5,3,20.61,Normal weight,13.292929292929292
33,Female,58.0,1.53,180,126,50,1.84,1159.0,Strength,18.3,2.7,5,3,24.78,Normal weight,10.498188405797102
43,Male,95.9,1.85,186,157,64,1.28,995.0,Yoga,27.7,3.4,2,1,28.02,Overweight,12.955729166666668
43,Female,61.5,1.58,165,149,50,1.86,1247.0,HIIT,16.8,2.7,5,3,24.64,Normal weight,11.173835125448027
38,Female,40.6,1.79,195,161,55,0.62,499.0,Cardio,26.8,2.7,2,1,12.67,Underweight,13.413978494623654
56,Male,82.5,1.87,187,124,74,1.51,927.0,Yoga,13.2,3.5,5,3,23.59,Normal weight,10.2317880794702
53,Male,105.1,1.84,176,130,62,0.69,444.0,Cardio,23.3,2.9,3,1,31.04,Obese,10.72463768115942
50,Female,58.1,1.58,199,120,50,1.93,1042.0,Yoga,19.3,2.7,5,3,23.27,Normal weight,8.998272884283248
47,Female,61.0,1.76,162,153,54,1.54,1060.0,HIIT,15.6,2.7,5,3,19.69,Normal weight,11.471861471861471
54,Female,64.5,1.53,171,120,58,1.74,940.0,Yoga,17.2,2.7,4,3,27.55,Overweight,9.00383141762452
40,Male,58.2,1.98,198,138,74,1.43,1085.0,Cardio,24.0,2.5,3,2,14.85,Underweight,12.645687645687646
27,Female,69.5,1.76,171,121,66,0.94,569.0,Strength,34.4,2.0,3,1,22.44,Normal weight,10.088652482269504
22,Male,62.2,1.84,161,140,65,0.51,393.0,Strength,21.5,2.3,3,1,18.37,Underweight,12.84313725490196
53,Female,68.0,1.7,181,139,57,1.06,663.0,HIIT,25.1,2.4,4,2,23.53,Normal weight,10.424528301886792
51,Female,56.3,1.5,182,142,66,1.43,914.0,Cardio,27.4,2.4,3,1,25.02,Overweight,10.652680652680653
48,Male,94.5,1.7,189,140,64,1.01,700.0,Cardio,28.2,3.5,3,2,32.7,Obese,11.55115511551155
27,Female,58.0,1.79,164,143,73,1.39,994.0,Cardio,27.1,1.5,2,1,18.1,Underweight,11.918465227817746
36,Male,84.0,1.94,168,123,50,1.8,1218.0,HIIT,11.2,3.5,5,3,22.32,Normal weight,11.277777777777779
49,Male,61.0,1.87,180,131,61,1.14,739.0,Strength,21.3,3.0,4,2,17.44,Underweight,10.804093567251464
18,Female,64.8,1.53,170,141,54,1.98,1396.0,Yoga,18.6,2.7,5,3,27.68,Overweight,11.75084175084175
22,Male,45.7,1.77,164,139,73,1.04,795.0,HIIT,20.7,2.4,3,1,14.59,Underweight,12.740384615384615
21,Male,80.9,1.9,194,137,55,1.8,1356.0,Yoga,11.7,3.5,4,3,22.41,Normal weight,12.555555555555555
33,Female,64.1,1.63,186,120,74,1.58,948.0,Strength,16.4,2.7,5,3,24.13,Normal weight,9.999999999999998
41,Male,67.0,1.77,161,149,50,1.22,900.0,HIIT,25.6,2.6,3,2,21.39,Normal weight,12.295081967213115
33,Male,106.5,1.6,183,152,74,1.4,1170.0,Strength,27.3,3.3,4,2,41.6,Obese,13.928571428571429
19,Male,95.1,1.85,190,143,50,1.21,952.0,Yoga,25.3,2.3,4,2,27.79,Overweight,13.112947658402204
45,Female,65.5,1.57,192,133,59,0.66,395.0,Cardio,34.3,2.3,2,1,26.57,Overweight,9.974747474747474
49,Male,105.7,1.64,198,155,59,1.2,921.0,Cardio,29.5,3.1,3,2,39.3,Obese,12.791666666666666
44,Female,48.0,1.76,189,124,52,0.88,491.0,Yoga,28.6,2.6,2,1,15.5,Underweight,9.299242424242424
37,Female,69.5,1.5,196,130,66,0.69,448.0,Cardio,32.8,2.4,2,1,30.89,Obese,10.821256038647343
41,Male,66.1,1.69,187,143,68,0.77,545.0,Yoga,27.4,3.4,2,1,23.14,Normal weight,11.796536796536795
29,Male,68.0,1.7,190,150,60,0.76,627.0,HIIT,28.9,2.9,2,1,23.53,Normal weight,13.75
52,Male,50.3,1.78,170,132,67,0.85,555.0,HIIT,24.5,2.3,2,1,15.88,Underweight,10.882352941176471
50,Female,69.3,1.68,182,135,51,1.2,729.0,HIIT,30.3,2.0,2,1,24.55,Normal weight,10.125
50,Male,86.7,1.63,161,143,58,1.7,1203.0,Cardio,12.1,3.5,4,3,32.63,Obese,11.794117647058824
54,Male,125.9,1.94,199,132,73,1.35,882.0,Strength,28.5,2.9,3,2,33.45,Obese,10.88888888888889
29,Male,88.1,1.93,186,143,66,1.88,1479.0,Cardio,11.1,3.5,5,3,23.65,Normal weight,13.111702127659575
20,Male,124.3,1.82,194,145,63,1.25,997.0,Cardio,22.4,3.2,3,2,37.53,Obese,13.293333333333333
18,Male,62.0,1.85,161,121,53,0.88,586.0,Strength,23.7,3.0,3,1,18.12,Underweight,11.09848484848485
50,Female,69.7,1.72,198,135,66,1.24,753.0,Strength,27.3,2.0,4,2,23.56,Normal weight,10.120967741935484
57,Female,60.9,1.52,196,157,66,1.31,926.0,Strength,30.6,1.8,3,2,26.36,Overweight,11.781170483460558
27,Male,76.5,1.97,180,165,61,1.13,1025.0,Strength,21.3,2.3,2,1,19.71,Normal weight,15.117994100294986
46,Male,94.7,1.82,164,120,69,1.47,873.0,Cardio,23.2,3.2,3,2,28.59,Overweight,9.89795918367347
30,Male,67.9,1.75,180,168,67,1.25,1155.0,Yoga,29.1,3.1,2,1,22.17,Normal weight,15.4
29,Male,121.1,1.87,188,130,52,1.31,937.0,HIIT,24.1,3.2,4,2,34.63,Obese,11.921119592875316
48,Female,71.5,1.64,179,154,60,1.46,1012.0,Yoga,32.5,1.9,4,2,26.58,Overweight,11.552511415525116
19,Male,98.6,1.7,197,162,74,0.83,740.0,Cardio,21.1,2.4,2,1,34.12,Obese,14.859437751004016
52,Female,68.2,1.63,179,148,67,1.17,779.0,Strength,27.5,2.4,3,1,25.67,Overweight,11.0968660968661
40,Female,57.7,1.69,184,156,53,1.18,920.0,HIIT,33.1,2.4,4,2,20.2,Normal weight,12.994350282485875
34,Male,124.6,1.63,161,136,66,1.41,1055.0,HIIT,27.6,2.8,3,2,46.9,Obese,12.470449172576833
43,Female,73.0,1.59,191,158,67,1.31,931.0,Yoga,28.9,2.2,3,1,28.88,Overweight,11.84478371501272
25,Female,59.4,1.51,185,161,54,1.62,1304.0,Cardio,19.8,2.7,5,3,26.05,Overweight,13.415637860082304
46,Female,52.0,1.65,165,147,63,0.7,463.0,Cardio,34.1,1.9,2,1,19.1,Normal weight,11.023809523809524
43,Female,42.2,1.65,162,148,59,1.33,886.0,Cardio,34.6,2.3,3,2,15.5,Underweight,11.102756892230575
27,Male,89.3,1.64,192,162,64,1.82,1622.0,HIIT,12.1,3.5,4,3,33.2,Obese,14.853479853479852
43,Male,110.0,1.76,160,122,50,1.09,658.0,Yoga,22.0,3.4,3,1,35.51,Obese,10.061162079510703
51,Female,66.2,1.58,164,129,65,0.86,499.0,HIIT,31.3,2.3,3,1,26.52,Overweight,9.670542635658915
58,Male,58.6,1.66,172,161,60,1.21,964.0,HIIT,26.8,2.9,2,1,21.27,Normal weight,13.278236914600551
24,Male,51.0,1.67,178,133,72,0.97,710.0,Strength,21.3,2.8,3,1,18.29,Underweight,12.199312714776633
21,Male,101.5,1.95,171,131,69,0.97,699.0,Yoga,27.9,3.1,3,1,26.69,Overweight,12.010309278350517
28,Male,114.2,1.87,184,166,55,1.05,959.0,Strength,20.2,3.2,3,2,32.66,Obese,15.222222222222221
46,Male,54.4,1.72,194,161,73,0.91,725.0,Cardio,24.8,2.9,2,1,18.39,Underweight,13.278388278388277
53,Female,52.4,1.57,171,149,71,1.34,898.0,HIIT,28.3,2.2,3,2,21.26,Normal weight,11.16915422885572
42,Male,85.2,1.81,189,151,65,1.54,1151.0,Yoga,13.7,3.5,5,3,26.01,Overweight,12.456709956709956
38,Male,83.6,1.74,164,151,51,1.66,1379.0,Cardio,11.6,3.5,5,3,27.61,Overweight,13.845381526104418
53,Male,115.4,1.92,193,161,50,1.36,1084.0,Yoga,28.3,2.2,4,2,31.3,Obese,13.284313725490195
27,Male,71.2,1.97,181,151,73,0.74,615.0,HIIT,25.9,3.6,3,1,18.35,Underweight,13.851351351351353
54,Female,78.1,1.6,198,145,73,1.1,718.0,Yoga,32.9,2.4,4,2,30.51,Obese,10.878787878787879
26,Female,54.2,1.65,172,120,58,1.07,642.0,Cardio,34.9,1.9,4,2,19.91,Normal weight,10.0
41,Female,77.6,1.76,162,161,71,1.27,920.0,Strength,31.8,2.2,4,2,25.05,Overweight,12.073490813648293
52,Female,44.1,1.62,179,121,61,1.41,768.0,HIIT,34.8,1.6,3,1,16.8,Underweight,9.078014184397164
52,Male,85.5,1.8,190,136,66,1.7,1144.0,Strength,10.1,3.5,5,3,26.39,Overweight,11.215686274509803
53,Female,47.8,1.76,164,149,74,1.06,711.0,HIIT,28.4,1.5,4,2,15.43,Underweight,11.179245283018867
35,Male,102.5,1.94,183,158,64,0.84,730.0,Cardio,21.1,2.4,2,1,27.23,Overweight,14.484126984126984
56,Male,118.0,1.9,199,126,68,0.66,412.0,HIIT,22.6,3.2,2,1,32.69,Obese,10.404040404040403
49,Male,82.3,1.84,192,146,71,1.29,932.0,Strength,28.4,3.4,4,2,24.31,Normal weight,12.041343669250645
41,Male,81.6,1.87,167,128,59,1.87,1185.0,HIIT,10.2,3.5,5,3,23.33,Normal weight,10.561497326203208
40,Male,60.2,1.88,183,141,61,1.22,946.0,Cardio,25.2,3.0,3,2,17.03,Underweight,12.923497267759563
49,Female,49.2,1.54,179,153,63,1.28,881.0,HIIT,30.7,2.1,3,2,20.75,Normal weight,11.471354166666668
54,Female,46.6,1.5,175,165,58,1.38,1025.0,Strength,30.6,2.0,2,1,20.71,Normal weight,12.379227053140097
29,Female,68.7,1.72,171,168,62,1.08,907.0,Cardio,29.8,1.7,4,2,23.22,Normal weight,13.996913580246911
30,Female,60.6,1.55,172,120,52,1.3,780.0,Strength,32.9,1.6,3,2,25.22,Overweight,10.0
40,Male,52.1,1.61,198,128,70,0.87,612.0,HIIT,21.3,3.3,2,1,20.1,Normal weight,11.724137931034482
42,Female,46.6,1.77,184,139,63,0.61,382.0,Yoga,28.1,2.6,2,1,14.87,Underweight,10.437158469945354
52,Male,65.5,1.74,191,138,70,1.48,1011.0,Strength,26.2,2.8,4,2,21.63,Normal weight,11.385135135135135
58,Female,44.2,1.57,183,155,59,1.08,753.0,HIIT,31.9,2.3,3,1,17.93,Underweight,11.620370370370368
47,Male,89.1,1.84,168,159,65,1.44,1133.0,Yoga,24.0,3.6,3,2,26.32,Overweight,13.113425925925927
34,Male,65.9,1.62,199,164,56,0.81,731.0,Yoga,28.8,2.2,2,1,25.11,Overweight,15.041152263374485
37,Female,55.6,1.57,182,123,53,0.97,597.0,Cardio,29.2,2.4,2,1,22.56,Normal weight,10.257731958762887
42,Male,63.7,1.98,172,128,69,1.37,868.0,Yoga,24.0,3.0,2,1,16.25,Underweight,10.559610705596107
39,Male,86.2,1.82,191,160,72,1.96,1725.0,Strength,10.2,3.5,5,3,26.02,Overweight,14.668367346938776
30,Female,59.2,1.63,174,141,74,1.85,1304.0,Strength,17.8,2.7,4,3,22.28,Normal weight,11.747747747747749
36,Male,85.4,1.88,195,137,60,1.98,1492.0,Yoga,13.5,3.5,5,3,24.16,Normal weight,12.558922558922559
53,Female,68.1,1.55,164,131,65,1.41,831.0,HIIT,26.1,2.2,4,2,28.35,Overweight,9.822695035460994
29,Female,60.0,1.62,181,161,69,0.85,684.0,Strength,28.1,1.9,2,1,22.86,Normal weight,13.411764705882353
58,Female,74.8,1.69,175,162,53,1.28,933.0,Strength,32.8,2.3,4,2,26.19,Overweight,12.1484375
36,Male,90.3,1.65,169,158,71,1.38,1199.0,Cardio,23.7,3.4,4,2,33.17,Obese,14.480676328502415
29,Male,86.1,1.65,183,128,71,1.66,1169.0,HIIT,11.2,3.5,4,3,31.63,Obese,11.73694779116466
26,Male,73.7,1.66,177,125,72,0.93,639.0,Yoga,26.7,2.2,2,1,26.75,Overweight,11.451612903225806
24,Female,67.7,1.56,177,138,66,1.42,980.0,HIIT,27.0,2.1,3,2,27.82,Overweight,11.502347417840378
45,Male,78.3,1.96,166,167,62,1.29,1066.0,Cardio,29.0,2.2,3,1,20.38,Normal weight,13.772609819121445
31,Female,48.2,1.65,163,166,60,1.1,913.0,Cardio,26.1,2.5,2,1,17.7,Underweight,13.833333333333334
48,Female,56.8,1.51,185,126,52,1.37,777.0,HIIT,32.1,2.1,4,2,24.91,Overweight,9.452554744525548
36,Male,112.4,1.63,164,135,58,1.02,757.0,Cardio,25.0,3.4,4,2,42.3,Obese,12.369281045751633
33,Female,59.0,1.67,175,124,55,0.9,558.0,Cardio,33.7,1.9,3,1,21.16,Normal weight,10.333333333333334
22,Male,98.4,1.88,194,135,71,0.52,386.0,Cardio,21.3,2.2,2,1,27.84,Overweight,12.37179487179487
52,Male,66.5,1.6,185,120,70,1.34,796.0,HIIT,26.8,2.1,4,2,25.98,Overweight,9.900497512437811
29,Male,106.5,1.81,177,156,60,1.29,1107.0,Cardio,25.7,2.5,4,2,32.51,Obese,14.302325581395348
42,Male,88.4,1.93,188,158,65,1.68,1314.0,Yoga,12.4,3.5,4,3,23.73,Normal weight,13.035714285714286
38,Male,88.4,1.79,182,138,68,1.74,1321.0,Yoga,12.5,3.5,5,3,27.59,Overweight,12.653256704980842
53,Female,53.3,1.74,173,156,54,1.37,962.0,Strength,32.2,1.8,3,2,17.6,Underweight,11.70316301703163
40,Female,58.1,1.56,174,136,63,0.61,415.0,Yoga,34.4,2.2,2,1,23.87,Normal weight,11.33879781420765
33,Female,74.2,1.76,192,145,66,1.15,834.0,Strength,25.9,1.5,4,2,23.95,Normal weight,12.08695652173913
56,Male,84.6,1.63,184,141,52,1.01,705.0,HIIT,20.2,2.9,4,2,31.84,Obese,11.633663366336634
59,Male,78.0,1.92,180,127,53,0.72,453.0,Cardio,28.1,2.7,3,1,21.16,Normal weight,10.486111111111112
56,Male,89.0,1.68,176,152,65,1.77,1332.0,Yoga,10.5,3.5,5,3,31.53,Obese,12.542372881355933
31,Female,42.7,1.76,182,121,65,1.46,883.0,Strength,34.9,2.2,3,1,13.78,Underweight,10.079908675799087
48,Male,83.9,1.82,176,149,70,1.9,1401.0,HIIT,13.1,3.5,5,3,25.33,Overweight,12.289473684210526
22,Female,78.7,1.52,173,166,74,1.45,1204.0,Strength,31.5,2.3,3,2,34.06,Obese,13.839080459770114
52,Female,65.9,1.52,188,139,53,1.27,794.0,Cardio,27.0,2.3,4,2,28.52,Overweight,10.41994750656168
40,Male,76.9,1.92,179,137,68,1.13,851.0,Yoga,22.4,3.7,4,2,20.86,Normal weight,12.551622418879056
46,Male,84.3,2.0,189,162,66,1.83,1467.0,HIIT,13.3,3.5,5,3,21.07,Normal weight,13.360655737704917
28,Female,62.4,1.6,178,129,62,1.1,710.0,Strength,34.1,1.7,3,2,24.37,Normal weight,10.757575757575758
35,Male,63.7,1.74,198,143,71,1.03,810.0,HIIT,29.8,2.7,4,2,21.04,Normal weight,13.106796116504853
29,Female,54.9,1.52,172,123,72,1.48,910.0,Strength,27.0,2.0,3,1,23.76,Normal weight,10.247747747747749
26,Male,76.4,1.79,177,156,73,1.17,1004.0,Strength,21.3,2.7,3,2,23.84,Normal weight,14.301994301994304
27,Male,106.4,1.86,182,123,50,1.34,907.0,Cardio,20.6,3.1,2,1,30.76,Obese,11.281094527363184
34,Female,68.4,1.5,192,132,61,1.37,904.0,Cardio,33.7,2.1,4,2,30.4,Obese,10.997566909975669
55,Male,63.5,1.86,198,144,53,1.36,969.0,Strength,22.9,2.9,4,2,18.35,Underweight,11.874999999999998
24,Female,59.4,1.5,199,132,60,1.25,825.0,Yoga,25.0,2.0,3,2,26.4,Overweight,11.0
30,Male,113.4,1.91,177,137,54,1.27,957.0,HIIT,22.2,3.7,3,1,31.08,Obese,12.559055118110235
57,Female,61.9,1.52,168,143,51,0.92,592.0,HIIT,28.4,2.6,3,1,26.79,Overweight,10.72463768115942
59,Female,70.7,1.68,192,121,66,1.17,637.0,Cardio,34.9,1.9,3,2,25.05,Overweight,9.074074074074076
26,Male,111.5,1.9,191,167,57,1.02,937.0,Yoga,25.2,2.2,2,1,30.89,Obese,15.310457516339868
44,Female,72.1,1.66,176,152,55,1.4,958.0,Strength,27.0,2.5,2,1,26.16,Overweight,11.404761904761905
19,Male,56.9,1.87,178,138,70,0.61,463.0,Cardio,23.3,3.7,3,1,16.27,Underweight,12.650273224043715
22,Male,86.2,1.9,186,128,58,1.91,1345.0,Strength,11.7,3.5,5,3,23.88,Normal weight,11.736474694589878
46,Male,59.4,1.68,165,147,62,1.16,844.0,Strength,20.2,2.5,4,2,21.05,Normal weight,12.126436781609197
54,Female,75.6,1.72,194,154,60,0.97,672.0,Cardio,26.4,1.9,3,1,25.55,Overweight,11.546391752577321
55,Female,76.3,1.73,196,158,65,1.08,768.0,Yoga,32.0,2.6,3,1,25.49,Overweight,11.85185185185185
36,Male,95.8,1.86,193,129,65,1.37,972.0,HIIT,21.2,3.2,3,1,27.69,Overweight,11.824817518248175
25,Male,120.6,1.83,179,120,51,1.04,686.0,Cardio,22.3,2.5,3,2,36.01,Obese,10.993589743589743
18,Female,65.3,1.55,184,161,59,1.42,1143.0,Yoga,28.5,2.2,3,2,27.18,Overweight,13.41549295774648
39,Male,85.3,1.89,163,140,61,0.77,593.0,Strength,27.6,3.6,2,1,23.88,Normal weight,12.835497835497835
34,Male,68.0,1.68,169,128,57,0.67,472.0,Cardio,25.8,3.4,2,1,24.09,Normal weight,11.741293532338307
24,Female,52.6,1.57,169,166,60,1.29,1071.0,HIIT,31.9,2.4,2,1,21.34,Normal weight,13.837209302325581
42,Male,63.3,1.77,183,134,59,1.32,876.0,HIIT,25.7,3.3,3,2,20.2,Normal weight,11.06060606060606
21,Female,76.3,1.65,180,154,62,1.14,878.0,Strength,31.8,1.7,3,2,28.03,Overweight,12.836257309941523
53,Male,61.0,1.63,170,124,74,0.54,331.0,Cardio,20.0,3.4,3,1,22.96,Normal weight,10.216049382716047
23,Female,67.8,1.61,186,160,66,1.34,1072.0,HIIT,34.3,1.8,2,1,26.16,Overweight,13.333333333333332
48,Male,114.9,1.86,175,141,56,1.36,949.0,Cardio,21.1,3.6,3,1,33.21,Obese,11.629901960784313
36,Male,88.0,1.71,185,160,73,1.87,1646.0,HIIT,12.0,3.5,5,3,30.09,Obese,14.670231729055258
56,Female,67.7,1.58,189,142,52,1.45,927.0,Strength,32.7,1.9,2,1,27.12,Overweight,10.655172413793103
44,Male,124.8,1.85,175,126,69,1.35,842.0,Strength,24.4,3.5,4,2,36.46,Obese,10.395061728395062
27,Female,53.0,1.58,166,142,62,1.26,895.0,Cardio,34.5,1.8,4,2,21.23,Normal weight,11.83862433862434
43,Male,61.2,1.88,175,163,68,1.03,831.0,Yoga,24.7,2.9,3,1,17.32,Underweight,13.446601941747572
36,Female,48.7,1.68,194,144,56,1.23,886.0,Yoga,33.7,1.6,3,1,17.25,Underweight,12.005420054200542
56,Female,50.6,1.7,175,146,58,1.29,848.0,Strength,33.1,2.3,2,1,17.51,Underweight,10.956072351421188
20,Female,72.6,1.73,199,160,68,1.27,1016.0,HIIT,34.8,2.5,3,2,24.26,Normal weight,13.333333333333332
30,Female,70.4,1.56,171,125,62,1.03,644.0,Yoga,34.3,2.4,4,2,28.93,Overweight,10.420711974110032
45,Male,52.5,1.88,194,153,71,1.08,818.0,Strength,29.0,2.9,4,2,14.85,Underweight,12.623456790123454
37,Male,76.3,1.77,180,128,57,1.36,957.0,HIIT,27.3,2.1,4,2,24.35,Normal weight,11.727941176470587
45,Female,41.2,1.58,195,168,71,1.47,1111.0,HIIT,28.7,2.6,2,1,16.5,Underweight,12.596371882086167
25,Female,55.3,1.76,176,152,67,1.56,1186.0,Yoga,15.5,2.7,4,3,17.85,Underweight,12.67094017094017
58,Female,49.7,1.67,191,125,72,1.38,776.0,Strength,31.9,2.3,4,2,17.82,Underweight,9.371980676328503
56,Male,48.3,1.87,165,156,51,0.68,525.0,HIIT,29.8,3.3,3,1,13.81,Underweight,12.867647058823527
18,Male,83.2,1.96,183,150,67,1.83,1510.0,HIIT,13.6,3.5,4,3,21.66,Normal weight,13.752276867030965
20,Male,120.5,1.73,186,153,67,1.01,850.0,Cardio,29.3,3.4,3,2,40.26,Obese,14.026402640264026
30,Male,121.6,2.0,179,160,60,1.24,1091.0,Cardio,28.0,3.3,4,2,30.4,Obese,14.663978494623654
45,Female,73.0,1.75,184,148,50,1.14,759.0,Yoga,26.6,2.0,4,2,23.84,Normal weight,11.096491228070176
42,Female,57.5,1.67,161,133,63,1.76,1053.0,Cardio,16.2,2.7,5,3,20.62,Normal weight,9.97159090909091
50,Female,42.7,1.53,168,155,65,1.41,983.0,Strength,28.4,2.4,4,2,18.24,Underweight,11.619385342789599
55,Male,129.9,1.73,187,155,60,0.69,529.0,Yoga,21.7,3.1,3,1,43.4,Obese,12.777777777777779
23,Male,108.6,1.92,197,134,50,0.89,656.0,Yoga,25.8,3.5,2,1,29.46,Overweight,12.284644194756554
49,Male,88.6,2.0,162,127,56,1.83,1150.0,Cardio,14.9,3.5,4,3,22.15,Normal weight,10.4735883424408
38,Female,49.7,1.51,179,145,65,1.25,906.0,HIIT,32.6,2.5,3,1,21.8,Normal weight,12.08
33,Female,56.4,1.54,165,155,63,1.06,822.0,Strength,29.2,1.5,3,1,23.78,Normal weight,12.924528301886792
38,Male,46.9,1.74,198,167,64,1.03,946.0,Strength,20.0,2.6,4,2,15.49,Underweight,15.307443365695791
28,Female,71.3,1.67,192,140,63,1.46,1022.0,Strength,28.1,1.5,4,2,25.57,Overweight,11.666666666666668
54,Male,71.6,1.86,160,147,70,1.14,830.0,Yoga,25.3,2.2,3,2,20.7,Normal weight,12.13450292397661
53,Male,82.3,1.61,196,123,60,1.87,1139.0,Strength,11.6,3.5,5,3,31.75,Obese,10.15151515151515
52,Female,70.6,1.69,165,135,65,1.36,826.0,HIIT,26.1,2.2,3,1,24.72,Normal weight,10.122549019607842
36,Male,109.8,1.62,193,141,68,0.84,651.0,HIIT,24.4,3.5,3,1,41.84,Obese,12.916666666666668
37,Female,73.5,1.69,174,131,66,0.54,354.0,Cardio,27.5,1.6,2,1,25.73,Overweight,10.925925925925924
35,Male,85.6,1.85,185,135,55,1.78,1322.0,Strength,14.5,3.5,5,3,25.01,Overweight,12.378277153558052
58,Female,74.6,1.68,173,159,60,1.03,737.0,Yoga,26.0,2.0,4,2,26.43,Overweight,11.925566343042071
31,Female,63.2,1.8,166,157,66,0.59,463.0,Cardio,25.5,2.6,2,1,19.51,Normal weight,13.07909604519774
32,Female,62.6,1.63,190,161,58,1.67,1344.0,HIIT,15.0,2.7,5,3,23.56,Normal weight,13.413173652694612
48,Male,87.1,1.76,183,156,67,1.81,1398.0,Strength,11.6,3.5,5,3,28.12,Overweight,12.872928176795579
18,Male,82.3,1.84,190,148,66,1.73,1408.0,HIIT,13.3,3.5,5,3,24.31,Normal weight,13.564547206165704
20,Female,64.3,1.78,188,137,61,1.71,1171.0,Cardio,18.7,2.7,4,3,20.29,Normal weight,11.413255360623783
33,Female,53.7,1.66,191,129,72,1.25,806.0,HIIT,29.5,2.5,3,1,19.49,Normal weight,10.746666666666666
40,Male,63.0,2.0,176,161,71,1.42,1257.0,Strength,26.8,2.9,4,2,15.75,Underweight,14.753521126760566
28,Male,128.4,1.86,173,158,71,1.06,921.0,Strength,23.6,3.3,4,2,37.11,Obese,14.481132075471697
29,Male,88.0,1.89,199,137,54,1.75,1319.0,Cardio,13.3,3.5,5,3,24.64,Normal weight,12.561904761904762
27,Female,63.7,1.52,195,120,60,1.19,714.0,Strength,25.4,2.1,4,2,27.57,Overweight,10.000000000000002
49,Male,83.7,1.87,183,158,53,1.29,1009.0,HIIT,23.9,2.3,4,2,23.94,Normal weight,13.036175710594314
33,Male,102.6,1.75,186,140,53,1.4,1078.0,HIIT,27.9,2.2,3,2,33.5,Obese,12.833333333333334
25,Female,77.7,1.55,184,120,52,0.55,330.0,Yoga,33.0,1.7,2,1,32.34,Obese,10.0
55,Male,87.5,1.88,191,134,73,1.19,789.0,Yoga,27.2,2.6,4,2,24.76,Normal weight,11.050420168067228
29,Male,87.0,1.86,177,123,72,1.52,1028.0,Yoga,11.0,3.5,4,3,25.15,Overweight,11.271929824561402
41,Male,82.8,1.66,177,139,74,1.97,1355.0,HIIT,11.2,3.5,5,3,30.05,Obese,11.463620981387479
45,Female,65.4,1.68,196,129,66,0.76,441.0,HIIT,35.0,2.6,3,1,23.17,Normal weight,9.671052631578947
25,Female,47.2,1.71,185,142,56,0.89,632.0,Cardio,26.0,2.5,2,1,16.14,Underweight,11.835205992509364
45,Female,58.2,1.7,168,160,53,0.95,684.0,Yoga,26.8,2.0,3,1,20.14,Normal weight,12.0
53,Female,73.5,1.55,194,153,72,1.17,806.0,HIIT,26.3,2.1,4,2,30.59,Obese,11.481481481481483
43,Female,55.2,1.73,167,165,62,1.67,1240.0,Cardio,16.6,2.7,5,3,18.44,Underweight,12.375249500998006
25,Female,64.4,1.71,179,167,61,1.12,935.0,HIIT,27.1,1.8,3,1,22.02,Normal weight,13.913690476190476
45,Female,73.5,1.74,181,152,50,1.18,807.0,Cardio,30.0,2.3,4,2,24.28,Normal weight,11.398305084745763
45,Male,89.6,1.81,178,153,70,1.7,1287.0,Yoga,12.4,3.5,5,3,27.35,Overweight,12.617647058823529
54,Male,86.5,1.76,189,158,68,1.48,1158.0,Yoga,29.0,3.4,3,2,27.92,Overweight,13.04054054054054
58,Female,46.1,1.67,187,129,70,1.28,743.0,Yoga,25.3,1.8,4,2,16.53,Underweight,9.674479166666668
53,Male,68.5,1.97,194,139,69,1.3,894.0,HIIT,23.2,2.1,3,2,17.65,Underweight,11.461538461538462
44,Male,94.6,1.84,170,120,67,1.26,748.0,HIIT,26.0,3.1,4,2,27.94,Overweight,9.894179894179896
34,Female,54.2,1.52,190,132,60,1.13,746.0,Cardio,31.0,2.2,3,1,23.46,Normal weight,11.002949852507376
26,Male,47.7,1.77,198,120,69,1.15,759.0,Strength,24.8,2.7,3,2,15.23,Underweight,11.0
50,Male,52.2,1.84,195,124,52,1.38,847.0,Strength,28.2,3.1,4,2,15.42,Underweight,10.229468599033817
37,Male,88.8,1.95,189,135,66,1.58,1173.0,Yoga,10.3,3.5,5,3,23.35,Normal weight,12.373417721518987
30,Male,101.0,1.68,182,134,61,1.46,1076.0,Strength,28.2,2.9,4,2,35.79,Obese,12.283105022831052
45,Male,118.4,1.95,178,168,59,1.06,881.0,Yoga,24.9,2.4,3,2,31.14,Obese,13.852201257861635
46,Female,47.9,1.72,171,147,57,1.41,933.0,Cardio,26.3,2.0,3,1,16.19,Underweight,11.028368794326243
30,Female,51.5,1.74,174,150,64,1.08,810.0,Strength,33.9,2.0,3,2,17.01,Underweight,12.499999999999998
52,Female,79.9,1.51,190,142,54,0.75,479.0,Strength,31.5,2.6,3,1,35.04,Obese,10.644444444444444
23,Male,121.3,1.85,196,167,53,0.72,661.0,Yoga,21.6,3.6,2,1,35.44,Obese,15.300925925925927
35,Female,78.9,1.64,196,164,70,1.28,1050.0,Cardio,25.3,2.6,4,2,29.34,Overweight,13.671875
22,Male,88.5,1.62,174,162,69,1.88,1675.0,Strength,10.7,3.5,5,3,33.72,Obese,14.849290780141844
42,Male,73.5,1.63,188,136,68,0.52,350.0,Strength,26.1,3.2,3,1,27.66,Overweight,11.217948717948717
19,Male,127.9,1.93,185,168,70,1.27,1173.0,Strength,21.8,3.0,4,2,34.34,Obese,15.393700787401574
27,Male,88.5,1.98,161,153,53,1.8,1515.0,Cardio,11.1,3.5,4,3,22.57,Normal weight,14.027777777777779
47,Female,43.4,1.62,179,132,64,0.51,303.0,Cardio,25.3,2.3,3,1,16.54,Underweight,9.901960784313726
22,Female,42.8,1.56,174,133,66,1.47,978.0,Strength,32.2,2.6,3,2,17.59,Underweight,11.08843537414966
50,Male,64.5,1.79,163,130,61,1.17,753.0,Yoga,28.1,2.4,4,2,20.13,Normal weight,10.726495726495727
18,Female,50.7,1.53,181,147,52,1.29,948.0,Yoga,33.0,2.1,3,2,21.66,Normal weight,12.248062015503875
35,Male,59.2,1.66,197,161,59,1.3,1151.0,Strength,21.3,3.2,3,1,21.48,Normal weight,14.756410256410257
49,Female,78.9,1.73,182,151,64,1.38,938.0,Cardio,34.0,2.3,2,1,26.36,Overweight,11.328502415458937
28,Female,78.7,1.63,185,154,59,1.1,847.0,Strength,31.7,1.8,3,2,29.62,Overweight,12.833333333333334
38,Male,68.7,1.92,170,150,73,1.31,1081.0,Cardio,29.0,3.0,4,2,18.64,Normal weight,13.753180661577607
43,Female,53.1,1.59,187,136,72,0.82,502.0,Strength,29.5,2.5,2,1,21.0,Normal weight,10.203252032520327
42,Male,64.8,1.65,161,166,67,1.1,904.0,Cardio,24.4,2.8,3,2,23.8,Normal weight,13.696969696969697
39,Female,50.3,1.61,167,128,50,1.17,749.0,HIIT,32.8,2.5,2,1,19.41,Normal weight,10.669515669515672
44,Male,102.3,1.63,188,129,52,1.34,856.0,Yoga,20.9,2.6,4,2,38.5,Obese,10.646766169154228
30,Male,62.9,1.92,170,127,70,1.13,789.0,HIIT,25.2,3.6,2,1,17.06,Underweight,11.637168141592921
50,Female,56.5,1.6,196,140,61,1.88,1184.0,Yoga,19.2,2.7,5,3,22.07,Normal weight,10.49645390070922
51,Female,74.6,1.55,177,132,50,0.71,422.0,Cardio,33.3,2.1,2,1,31.05,Obese,9.906103286384978
58,Male,52.0,1.79,173,169,52,1.12,937.0,HIIT,29.6,3.0,3,1,16.23,Underweight,13.94345238095238
52,Female,52.1,1.67,169,124,52,1.5,837.0,Yoga,32.0,1.5,2,1,18.68,Normal weight,9.3
18,Female,72.2,1.54,194,125,54,0.97,606.0,Strength,27.1,1.7,2,1,30.44,Obese,10.412371134020619
38,Male,85.8,1.8,168,149,68,1.72,1410.0,Cardio,10.1,3.5,4,3,26.48,Overweight,13.662790697674419
23,Male,81.4,1.85,194,150,74,1.6,1320.0,Cardio,12.4,3.5,4,3,23.78,Normal weight,13.75
45,Female,50.9,1.65,170,136,50,1.45,887.0,Strength,30.1,2.3,2,1,18.7,Normal weight,10.195402298850574
34,Male,52.0,1.78,171,130,53,1.38,987.0,Strength,22.4,2.7,4,2,16.41,Underweight,11.920289855072465
22,Male,71.0,1.93,162,139,53,1.42,1086.0,Yoga,21.2,2.9,4,2,19.06,Normal weight,12.746478873239438
48,Male,80.6,1.77,198,167,66,1.51,1248.0,Cardio,12.9,3.5,4,3,25.73,Overweight,13.774834437086094
22,Female,58.3,1.72,173,128,63,1.0,640.0,Yoga,32.6,1.6,3,2,19.71,Normal weight,10.666666666666666
55,Female,63.0,1.7,187,121,67,1.32,719.0,Strength,34.9,2.5,3,1,21.8,Normal weight,9.078282828282829
20,Male,111.0,1.94,170,156,50,1.02,875.0,Cardio,27.6,3.3,4,2,29.49,Overweight,14.297385620915032
40,Female,52.6,1.66,198,120,71,1.27,762.0,Strength,32.9,1.7,3,2,19.09,Normal weight,10.0
54,Male,116.4,2.0,184,123,65,1.13,688.0,Yoga,26.2,3.1,3,1,29.1,Overweight,10.147492625368733
54,Female,75.6,1.61,180,155,52,1.41,983.0,Yoga,34.9,2.5,4,2,29.17,Overweight,11.619385342789599
27,Male,61.6,1.8,169,144,72,1.48,1172.0,Yoga,26.4,3.1,2,1,19.01,Normal weight,13.198198198198199
27,Male,108.0,1.8,174,122,70,1.38,926.0,Cardio,28.6,2.5,4,2,33.33,Obese,11.183574879227054
36,Female,59.3,1.75,178,128,58,0.99,634.0,Strength,34.5,2.3,3,1,19.36,Normal weight,10.673400673400673
34,Male,75.7,1.94,181,141,72,1.18,915.0,Strength,29.3,2.4,4,2,20.11,Normal weight,12.923728813559322
38,Female,56.3,1.6,180,142,53,1.21,859.0,Yoga,28.8,1.9,4,2,21.99,Normal weight,11.831955922865015
31,Female,58.2,1.73,191,131,70,1.17,766.0,Yoga,25.8,1.8,3,2,19.45,Normal weight,10.911680911680913
26,Male,55.7,1.68,182,129,54,1.13,802.0,Yoga,21.7,2.9,3,1,19.73,Normal weight,11.828908554572273
18,Male,125.9,1.67,172,153,60,1.46,1229.0,Yoga,20.6,2.2,3,2,45.14,Obese,14.029680365296805
30,Female,62.7,1.67,164,162,70,1.02,826.0,HIIT,26.1,2.6,4,2,22.48,Normal weight,13.49673202614379
21,Male,86.6,1.86,163,129,58,1.37,972.0,HIIT,21.8,2.6,3,2,25.03,Overweight,11.824817518248175
18,Male,64.5,1.82,187,149,52,1.2,983.0,HIIT,23.4,2.4,3,2,19.47,Normal weight,13.652777777777779
57,Male,76.6,1.86,173,141,55,1.14,796.0,Yoga,25.4,2.8,4,2,22.14,Normal weight,11.637426900584797
49,Male,81.4,1.83,167,125,73,1.98,1225.0,Yoga,13.6,3.5,5,3,24.31,Normal weight,10.311447811447811
51,Male,60.7,1.71,168,169,60,1.14,954.0,Strength,22.1,2.5,2,1,20.76,Normal weight,13.947368421052634
45,Female,57.2,1.55,194,121,58,1.67,909.0,Cardio,18.4,2.7,5,3,23.81,Normal weight,9.07185628742515
48,Female,73.0,1.59,196,149,64,1.19,798.0,Strength,32.0,2.1,3,2,28.88,Overweight,11.176470588235295
25,Male,123.8,1.99,180,121,72,1.13,752.0,HIIT,25.6,2.6,3,1,31.26,Obese,11.091445427728614
56,Male,93.6,1.66,177,151,52,1.37,1024.0,Strength,29.0,2.2,2,1,33.97,Obese,12.457420924574208
43,Male,76.8,1.92,192,161,50,1.24,988.0,Yoga,21.1,2.5,3,1,20.83,Normal weight,13.279569892473118
51,Female,54.7,1.53,167,135,69,1.11,674.0,HIIT,26.8,2.0,4,2,23.37,Normal weight,10.120120120120118
20,Male,92.3,1.94,176,131,71,1.14,821.0,HIIT,24.3,2.1,3,2,24.52,Normal weight,12.002923976608189
29,Female,71.8,1.55,190,120,68,1.2,720.0,Cardio,26.3,2.4,4,2,29.89,Overweight,10.0
18,Female,66.9,1.57,193,127,63,1.07,679.0,Cardio,30.7,2.2,3,2,27.14,Overweight,10.57632398753894
22,Female,48.7,1.76,165,167,66,1.37,1144.0,HIIT,29.0,2.2,4,2,15.72,Underweight,13.91727493917275
47,Male,66.2,1.71,181,169,71,1.42,1188.0,HIIT,22.8,2.9,3,1,22.64,Normal weight,13.943661971830988
47,Female,40.0,1.76,173,132,63,0.8,475.0,Strength,26.7,2.2,3,1,12.91,Underweight,9.895833333333334
34,Male,112.4,1.85,162,134,66,1.18,870.0,HIIT,23.4,3.6,4,2,32.84,Obese,12.288135593220339
40,Female,70.0,1.55,171,163,74,0.85,693.0,Yoga,31.1,1.5,3,1,29.14,Overweight,13.588235294117647
32,Male,84.0,1.74,195,127,63,1.45,1013.0,Strength,25.8,2.1,3,1,27.74,Overweight,11.64367816091954
54,Female,43.8,1.65,171,129,61,1.29,749.0,Yoga,26.6,1.7,4,2,16.09,Underweight,9.677002583979327
38,Male,123.3,1.62,161,165,65,1.34,1216.0,Yoga,21.2,2.3,4,2,46.98,Obese,15.124378109452735
31,Female,57.9,1.56,161,124,50,1.8,1116.0,Yoga,15.1,2.7,5,3,23.79,Normal weight,10.333333333333334
19,Male,82.4,1.96,174,169,62,1.9,1766.0,HIIT,10.1,3.5,5,3,21.45,Normal weight,15.491228070175438
28,Male,84.8,1.79,182,138,55,1.35,1025.0,Cardio,28.8,2.3,4,2,26.47,Overweight,12.654320987654321
56,Male,109.6,1.66,188,166,66,1.29,1060.0,Cardio,20.5,3.1,3,2,39.77,Obese,13.695090439276484
55,Male,86.4,1.77,176,157,61,1.0,777.0,Yoga,27.3,2.8,3,2,27.58,Overweight,12.95
51,Female,63.9,1.8,191,130,72,1.07,626.0,HIIT,33.7,2.7,4,2,19.72,Normal weight,9.750778816199377
55,Female,70.8,1.62,166,162,68,0.54,394.0,Strength,26.0,1.8,3,1,26.98,Overweight,12.160493827160492
51,Male,115.3,1.67,189,139,55,1.38,950.0,Yoga,24.4,2.5,3,2,41.34,Obese,11.473429951690822
35,Female,55.3,1.56,187,139,56,1.71,1188.0,Strength,19.8,2.7,5,3,22.72,Normal weight,11.578947368421053
47,Male,73.9,1.8,173,140,50,1.36,942.0,Strength,28.3,3.7,3,1,22.81,Normal weight,11.544117647058822
32,Male,97.3,1.96,189,137,50,1.36,1025.0,HIIT,24.9,3.4,3,2,25.33,Overweight,12.561274509803921
44,Female,60.4,1.65,176,169,54,1.27,966.0,HIIT,32.6,2.1,4,2,22.19,Normal weight,12.677165354330707
51,Male,49.3,1.61,191,129,55,1.36,868.0,Cardio,28.3,2.9,2,1,19.02,Normal weight,10.637254901960784
55,Male,91.8,1.78,165,153,65,1.44,1091.0,Cardio,23.5,3.4,3,1,28.97,Overweight,12.627314814814817
50,Female,73.6,1.55,183,145,74,0.89,581.0,HIIT,33.9,2.1,3,1,30.63,Obese,10.880149812734082
41,Male,47.1,1.78,165,149,65,1.26,929.0,Yoga,24.7,2.4,3,1,14.87,Underweight,12.28835978835979
32,Male,65.2,1.62,186,128,63,0.58,408.0,Cardio,25.3,3.4,2,1,24.84,Normal weight,11.724137931034484
47,Male,87.2,1.64,177,165,50,2.0,1634.0,Strength,15.0,3.5,4,3,32.42,Obese,13.616666666666667
59,Male,96.7,1.71,183,150,62,0.57,423.0,Yoga,28.4,2.9,3,1,33.07,Obese,12.36842105263158
34,Female,46.9,1.61,196,161,69,1.02,821.0,Strength,28.6,1.7,3,2,18.09,Underweight,13.41503267973856
22,Female,72.1,1.62,183,123,59,1.38,849.0,HIIT,25.1,2.1,3,1,27.47,Overweight,10.253623188405797
46,Female,62.5,1.54,197,125,73,1.61,906.0,Strength,18.1,2.7,4,3,26.35,Overweight,9.378881987577639
21,Male,110.7,1.69,193,133,59,1.06,775.0,Yoga,27.0,2.7,3,1,38.76,Obese,12.185534591194969
27,Male,102.6,1.83,199,123,58,1.41,954.0,HIIT,26.5,3.5,3,2,30.64,Obese,11.276595744680852
34,Female,64.3,1.62,174,145,62,1.76,1276.0,Yoga,19.8,2.7,5,3,24.5,Normal weight,12.083333333333334
27,Male,80.7,1.61,170,166,52,1.75,1598.0,Strength,14.3,3.5,4,3,31.13,Obese,15.219047619047618
34,Male,115.3,1.81,181,167,67,1.36,1249.0,Yoga,24.5,2.2,2,1,35.19,Obese,15.306372549019606
37,Male,87.8,1.69,183,158,69,1.81,1573.0,HIIT,10.3,3.5,5,3,30.74,Obese,14.484346224677715
41,Male,74.3,1.61,160,136,51,1.06,714.0,Strength,24.8,3.5,4,2,28.66,Overweight,11.226415094339622
22,Female,78.5,1.7,177,138,66,1.36,938.0,Strength,31.9,2.1,4,2,27.16,Overweight,11.495098039215685
51,Female,77.3,1.58,171,168,68,0.97,733.0,Cardio,31.1,2.0,2,1,30.96,Obese,12.59450171821306
23,Female,64.5,1.7,187,125,72,0.51,319.0,Cardio,30.4,1.7,2,1,22.32,Normal weight,10.42483660130719
19,Male,72.0,1.94,199,148,62,1.17,952.0,Yoga,24.7,3.2,3,2,19.13,Normal weight,13.561253561253563
30,Female,77.9,1.77,166,130,62,1.41,916.0,Cardio,27.9,2.6,4,2,24.87,Normal weight,10.8274231678487
28,Female,69.6,1.58,182,135,50,1.49,1006.0,Cardio,27.8,2.0,3,2,27.88,Overweight,11.252796420581655
40,Male,68.9,1.99,180,149,51,1.16,951.0,Cardio,25.0,2.4,4,2,17.4,Underweight,13.663793103448278
33,Male,45.9,1.89,193,144,50,1.45,1148.0,Cardio,21.6,2.9,3,2,12.85,Underweight,13.195402298850574
48,Female,68.2,1.69,170,159,73,0.75,537.0,HIIT,28.4,2.5,3,1,23.88,Normal weight,11.933333333333334
28,Female,79.6,1.59,181,130,54,1.49,968.0,HIIT,28.2,1.5,3,2,31.49,Obese,10.827740492170022
33,Female,53.6,1.52,194,126,73,1.02,643.0,Cardio,30.9,2.3,2,1,23.2,Normal weight,10.506535947712418
25,Female,57.7,1.58,188,145,52,1.36,986.0,Yoga,25.7,2.2,3,2,23.11,Normal weight,12.083333333333332
21,Male,74.2,1.93,187,141,56,1.32,1024.0,HIIT,28.3,2.5,3,2,19.92,Normal weight,12.929292929292929
57,Female,64.4,1.56,177,144,73,1.52,985.0,Cardio,17.8,2.7,5,3,26.46,Overweight,10.800438596491228
21,Female,54.9,1.78,173,138,71,0.55,380.0,HIIT,31.7,2.0,2,1,17.33,Underweight,11.515151515151516
42,Male,50.3,1.64,177,150,62,0.63,468.0,Strength,27.0,2.4,3,1,18.7,Normal weight,12.380952380952381
20,Female,46.5,1.68,187,145,72,0.91,660.0,HIIT,27.9,2.4,2,1,16.48,Underweight,12.087912087912088
49,Male,57.8,1.99,183,161,67,0.93,741.0,HIIT,24.7,3.1,3,1,14.6,Underweight,13.279569892473118
20,Male,83.0,1.8,167,160,73,0.79,695.0,Yoga,29.6,2.9,2,1,25.62,Overweight,14.662447257383965
44,Male,82.5,1.79,167,155,70,1.51,1159.0,HIIT,13.8,3.5,5,3,25.75,Overweight,12.792494481236204
46,Female,66.5,1.73,163,142,56,1.11,709.0,Yoga,34.7,2.0,3,1,22.22,Normal weight,10.645645645645644
49,Female,70.2,1.67,186,166,50,0.93,695.0,Strength,32.5,1.8,3,1,25.17,Overweight,12.455197132616487
36,Male,121.9,1.93,195,132,54,1.49,1082.0,Cardio,21.8,3.4,3,2,32.73,Obese,12.102908277404921
38,Female,70.3,1.52,164,144,66,1.19,857.0,Yoga,25.6,2.0,4,2,30.43,Obese,12.002801120448181
22,Female,40.3,1.56,192,121,57,1.45,877.0,HIIT,30.8,2.1,4,2,16.56,Underweight,10.080459770114942
35,Male,101.4,1.76,193,121,64,0.84,559.0,HIIT,23.6,2.9,2,1,32.74,Obese,11.091269841269842
45,Male,79.2,1.95,189,135,69,1.47,982.0,Yoga,22.8,2.8,3,2,20.83,Normal weight,11.133786848072562
59,Female,75.8,1.77,167,128,53,1.46,841.0,Strength,33.1,1.8,3,1,24.19,Normal weight,9.600456621004566
39,Male,71.7,1.88,198,147,51,0.55,445.0,Cardio,23.7,2.2,2,1,20.29,Normal weight,13.484848484848484
38,Female,57.7,1.56,185,132,54,1.64,1082.0,HIIT,16.6,2.7,5,3,23.71,Normal weight,10.995934959349594
23,Female,47.4,1.6,196,154,50,0.76,585.0,Strength,33.5,1.6,3,1,18.52,Normal weight,12.828947368421053
18,Female,57.2,1.75,193,160,74,1.29,1032.0,Cardio,33.5,2.4,3,2,18.68,Normal weight,13.333333333333332
22,Female,44.8,1.72,166,132,54,1.48,977.0,Cardio,28.6,1.8,4,2,15.14,Underweight,11.002252252252253
58,Male,90.2,1.72,199,150,55,0.9,668.0,HIIT,28.3,2.1,2,1,30.49,Obese,12.37037037037037
29,Male,84.9,1.72,187,140,51,1.79,1378.0,Yoga,14.3,3.5,4,3,28.7,Overweight,12.830540037243948
43,Male,95.7,1.77,198,151,50,1.08,807.0,HIIT,24.2,3.4,3,1,30.55,Obese,12.453703703703702
51,Male,59.0,1.65,198,153,53,1.22,924.0,HIIT,20.7,2.3,3,2,21.67,Normal weight,12.62295081967213
31,Female,60.5,1.77,187,127,56,1.72,1092.0,HIIT,15.0,2.7,4,3,19.31,Normal weight,10.581395348837209
43,Female,53.8,1.72,173,160,71,1.03,742.0,Strength,30.2,2.3,4,2,18.19,Underweight,12.006472491909385
44,Male,86.6,1.97,197,167,50,1.66,1372.0,Yoga,11.7,3.5,5,3,22.31,Normal weight,13.775100401606426
26,Female,72.8,1.67,163,121,50,1.37,829.0,Strength,35.0,1.9,2,1,26.1,Overweight,10.085158150851582
43,Female,66.3,1.77,177,157,57,1.48,1046.0,HIIT,32.7,1.7,4,2,21.16,Normal weight,11.77927927927928
39,Female,56.0,1.6,184,151,69,0.89,672.0,Yoga,32.6,2.0,2,1,21.87,Normal weight,12.584269662921349
47,Male,45.9,1.93,166,159,65,1.29,1015.0,Cardio,29.6,2.0,3,2,12.32,Underweight,13.113695090439276
34,Male,88.0,1.64,197,147,70,1.9,1536.0,Yoga,14.4,3.5,4,3,32.72,Obese,13.473684210526315
43,Male,94.0,1.79,187,156,62,1.31,1012.0,HIIT,23.2,3.4,2,1,29.34,Overweight,12.87531806615776
53,Female,44.7,1.79,164,160,72,1.34,965.0,Yoga,26.7,2.1,3,2,13.95,Underweight,12.002487562189053
18,Male,63.2,1.63,162,120,73,0.66,436.0,Cardio,27.5,2.2,3,1,23.79,Normal weight,11.01010101010101
25,Male,95.6,1.9,190,160,72,1.47,1294.0,Cardio,23.8,2.4,4,2,26.48,Overweight,14.671201814058957
52,Male,47.8,1.86,179,129,67,1.01,645.0,Yoga,24.7,2.8,3,2,13.82,Underweight,10.643564356435643
32,Male,85.3,1.64,178,123,69,1.77,1197.0,Cardio,13.2,3.5,4,3,31.71,Obese,11.271186440677965
39,Male,59.7,1.83,170,154,59,1.35,1143.0,Strength,29.1,2.3,4,2,17.83,Underweight,14.11111111111111
31,Male,70.2,1.98,199,129,61,0.71,504.0,Yoga,24.2,2.5,2,1,17.91,Underweight,11.83098591549296
43,Female,72.7,1.8,162,166,50,0.79,590.0,Cardio,32.8,2.1,3,1,22.44,Normal weight,12.447257383966242
45,Female,50.4,1.79,182,130,59,0.74,433.0,Cardio,27.7,2.5,2,1,15.73,Underweight,9.752252252252253
40,Male,81.7,1.74,166,133,58,0.91,666.0,Yoga,27.0,2.7,2,1,26.99,Overweight,12.197802197802197
31,Male,49.3,1.62,182,157,52,0.56,484.0,Strength,20.0,3.2,2,1,18.79,Normal weight,14.404761904761903
41,Female,61.9,1.64,166,131,68,1.93,1138.0,Yoga,19.4,2.7,4,3,23.01,Normal weight,9.827288428324698
19,Female,49.1,1.68,193,164,58,1.42,1164.0,Cardio,25.3,2.6,4,2,17.4,Underweight,13.661971830985918
43,Male,66.5,1.83,178,136,59,1.11,747.0,Yoga,27.1,2.4,3,2,19.86,Normal weight,11.216216216216214
31,Male,75.5,1.93,168,135,68,0.6,446.0,Cardio,20.5,3.4,2,1,20.27,Normal weight,12.38888888888889
24,Male,88.2,1.79,177,154,65,1.76,1491.0,HIIT,11.3,3.5,4,3,27.53,Overweight,14.119318181818183
20,Male,74.8,1.75,184,121,73,1.33,885.0,Yoga,25.0,3.3,3,2,24.42,Normal weight,11.090225563909772
40,Female,72.2,1.6,173,130,67,0.87,566.0,Yoga,29.2,1.9,3,1,28.2,Overweight,10.842911877394636
35,Male,62.8,1.63,184,160,63,1.41,1241.0,Cardio,21.9,3.7,4,2,23.64,Normal weight,14.669030732860522
55,Male,84.7,1.79,178,122,52,1.19,719.0,Cardio,23.3,2.4,3,2,26.43,Overweight,10.070028011204483
52,Male,116.5,1.69,198,148,51,0.53,388.0,Cardio,27.3,2.4,2,1,40.79,Obese,12.20125786163522
32,Male,77.4,1.92,174,137,50,1.39,1047.0,Cardio,26.7,3.3,3,2,21.0,Normal weight,12.553956834532375
42,Female,72.9,1.62,175,139,67,1.17,732.0,Yoga,25.7,2.0,4,2,27.78,Overweight,10.42735042735043
54,Female,58.4,1.59,186,166,73,1.08,807.0,Cardio,32.5,1.9,2,1,23.1,Normal weight,12.453703703703702
45,Female,64.3,1.54,199,133,58,1.67,999.0,Yoga,15.3,2.7,4,3,27.11,Overweight,9.970059880239521
27,Male,89.3,1.87,169,153,62,1.62,1363.0,Strength,12.7,3.5,5,3,25.54,Overweight,14.022633744855966
56,Male,90.2,1.61,163,168,51,1.38,1148.0,Yoga,22.6,2.3,3,2,34.8,Obese,13.86473429951691
34,Female,59.0,1.62,178,150,56,1.13,847.0,Cardio,30.9,2.4,4,2,22.48,Normal weight,12.492625368731565
56,Male,58.7,1.86,187,159,65,1.09,858.0,Cardio,22.6,3.3,3,2,16.97,Underweight,13.11926605504587
39,Male,127.5,1.82,180,161,70,1.26,1116.0,Strength,29.8,3.0,3,2,38.49,Obese,14.761904761904763
43,Female,68.6,1.52,173,137,68,1.42,875.0,Yoga,28.1,2.6,4,2,29.69,Overweight,10.269953051643194
42,Female,56.7,1.53,192,149,74,1.07,717.0,Strength,27.4,1.9,3,1,24.22,Normal weight,11.16822429906542
34,Female,64.5,1.78,169,144,64,1.33,958.0,Yoga,27.8,1.8,4,2,20.36,Normal weight,12.005012531328319
30,Female,61.6,1.52,178,138,71,1.78,1228.0,Cardio,19.5,2.7,4,3,26.66,Overweight,11.49812734082397
37,Male,75.1,1.82,189,127,60,1.23,859.0,Yoga,26.4,3.2,4,2,22.67,Normal weight,11.639566395663957
42,Male,79.3,1.93,181,147,50,1.22,888.0,Cardio,27.3,3.3,2,1,21.29,Normal weight,12.131147540983607
21,Female,72.6,1.68,162,127,70,1.19,756.0,Cardio,34.2,1.8,3,2,25.72,Overweight,10.588235294117649
27,Male,76.7,1.7,196,150,56,0.96,792.0,HIIT,29.1,2.1,3,1,26.54,Overweight,13.750000000000002
20,Female,44.2,1.61,177,122,69,1.08,659.0,HIIT,32.4,2.5,2,1,17.05,Underweight,10.169753086419751
58,Female,56.5,1.7,170,122,57,0.74,406.0,Yoga,27.0,2.7,2,1,19.55,Normal weight,9.144144144144144
35,Male,100.9,1.63,161,163,59,1.1,986.0,Cardio,28.4,3.1,2,1,37.98,Obese,14.93939393939394
53,Female,55.8,1.55,171,141,54,1.12,711.0,Strength,27.0,1.8,4,2,23.23,Normal weight,10.580357142857142
39,Male,58.3,1.93,165,136,58,1.35,1010.0,Cardio,27.4,3.7,4,2,15.65,Underweight,12.469135802469136
51,Male,48.6,1.77,199,155,74,1.47,1128.0,Strength,26.9,3.5,2,1,15.51,Underweight,12.789115646258503
25,Male,81.7,1.95,188,136,74,1.94,1451.0,Yoga,13.8,3.5,4,3,21.49,Normal weight,12.465635738831615
57,Male,85.6,1.69,189,133,50,1.76,1159.0,Yoga,12.7,3.5,5,3,29.97,Obese,10.975378787878789
36,Female,60.0,1.72,161,128,51,1.63,1043.0,Strength,18.2,2.7,5,3,20.28,Normal weight,10.664621676891615
59,Male,126.4,1.69,168,149,68,1.24,915.0,Strength,29.5,2.9,3,1,44.26,Obese,12.298387096774192
58,Female,75.4,1.78,161,140,63,1.05,662.0,Cardio,26.0,2.5,4,2,23.8,Normal weight,10.507936507936508
54,Female,64.2,1.69,188,131,69,1.69,996.0,Yoga,16.5,2.7,4,3,22.48,Normal weight,9.822485207100593
23,Female,65.2,1.62,192,156,59,1.37,1069.0,Cardio,31.1,2.5,3,2,24.84,Normal weight,13.004866180048662
43,Female,70.1,1.66,169,151,58,0.99,673.0,Strength,34.6,2.6,2,1,25.44,Overweight,11.32996632996633
51,Male,102.6,1.77,193,130,59,1.21,779.0,HIIT,21.0,3.4,2,1,32.75,Obese,10.730027548209367
23,Male,107.2,1.93,167,139,55,1.15,879.0,HIIT,20.2,3.1,4,2,28.78,Overweight,12.73913043478261
54,Female,56.5,1.75,196,154,66,1.76,1220.0,HIIT,15.3,2.7,5,3,18.45,Underweight,11.553030303030305
50,Female,61.6,1.75,192,166,74,1.22,911.0,Strength,25.5,2.2,4,2,20.11,Normal weight,12.44535519125683
39,Male,81.7,1.75,165,165,55,1.32,1198.0,Cardio,29.1,2.8,4,2,26.68,Overweight,15.126262626262626
38,Female,76.6,1.58,199,130,53,0.74,481.0,Yoga,32.2,2.3,2,1,30.68,Obese,10.833333333333334
23,Male,116.8,1.79,178,127,69,1.0,698.0,Strength,26.8,3.4,4,2,36.45,Obese,11.633333333333333
23,Female,60.1,1.59,191,123,52,1.8,1107.0,HIIT,17.6,2.7,4,3,23.77,Normal weight,10.25
21,Male,93.7,1.73,186,146,72,1.0,803.0,Cardio,27.8,3.6,2,1,31.31,Obese,13.383333333333333
47,Female,41.6,1.58,160,163,68,1.03,756.0,Yoga,26.6,2.1,4,2,16.66,Underweight,12.233009708737864
28,Female,55.1,1.79,192,159,67,1.99,1582.0,Yoga,17.0,2.7,5,3,17.2,Underweight,13.249581239530988
47,Male,127.1,1.76,199,157,73,0.71,552.0,Strength,24.9,3.0,2,1,41.03,Obese,12.957746478873242
48,Female,69.1,1.6,191,166,53,1.34,1001.0,Strength,26.1,2.0,4,2,26.99,Overweight,12.450248756218905
41,Female,66.8,1.74,164,149,57,1.34,898.0,Yoga,29.2,2.3,3,1,22.06,Normal weight,11.16915422885572
26,Male,125.5,1.76,176,163,66,1.15,1031.0,Yoga,23.2,3.1,4,2,40.52,Obese,14.942028985507246
20,Female,71.3,1.58,167,167,54,1.07,893.0,HIIT,25.4,1.5,3,2,28.56,Overweight,13.909657320872274
48,Male,129.2,1.61,193,167,62,1.06,876.0,Yoga,21.4,2.9,4,2,49.84,Obese,13.773584905660377
57,Male,96.3,1.86,168,146,74,1.1,795.0,Strength,27.6,2.2,3,2,27.84,Overweight,12.045454545454545
54,Female,67.5,1.54,182,140,50,0.72,454.0,Cardio,25.2,1.5,3,1,28.46,Overweight,10.50925925925926
53,Female,64.4,1.55,194,139,62,1.77,1107.0,HIIT,19.7,2.7,4,3,26.81,Overweight,10.423728813559322
41,Female,64.9,1.57,166,123,53,1.04,576.0,HIIT,25.9,2.4,4,2,26.33,Overweight,9.23076923076923
48,Female,52.3,1.66,174,130,71,0.74,433.0,Yoga,33.0,1.8,3,1,18.98,Normal weight,9.752252252252253
23,Female,56.7,1.55,179,132,73,1.38,911.0,Cardio,34.0,1.9,4,2,23.6,Normal weight,11.002415458937199
19,Female,46.8,1.63,184,128,63,1.35,864.0,HIIT,34.4,1.6,4,2,17.61,Underweight,10.666666666666666
37,Female,70.3,1.77,162,123,52,1.01,621.0,Strength,33.7,1.7,2,1,22.44,Normal weight,10.247524752475247
45,Male,80.8,1.76,183,131,54,1.7,1102.0,Yoga,11.4,3.5,4,3,26.08,Overweight,10.803921568627452
28,Female,56.0,1.5,193,128,56,1.94,1242.0,Strength,16.7,2.7,5,3,24.89,Normal weight,10.670103092783506
21,Male,101.2,1.84,181,132,50,1.3,944.0,Yoga,24.3,3.3,2,1,29.89,Overweight,12.102564102564102
32,Female,56.6,1.57,170,167,72,1.65,1378.0,HIIT,15.7,2.7,4,3,22.96,Normal weight,13.919191919191919
23,Female,40.9,1.75,167,145,61,0.82,594.0,Yoga,25.2,2.1,3,1,13.36,Underweight,12.073170731707318
47,Male,127.8,1.65,198,157,60,0.77,598.0,Cardio,28.7,3.5,2,1,46.94,Obese,12.943722943722943
55,Female,49.3,1.76,194,161,73,1.28,927.0,Strength,30.5,2.0,2,1,15.92,Underweight,12.0703125
19,Female,64.3,1.63,197,132,57,1.87,1234.0,Cardio,18.0,2.7,5,3,24.2,Normal weight,10.998217468805704
32,Male,49.3,1.62,167,158,74,1.18,1025.0,Strength,29.3,2.5,3,2,18.79,Normal weight,14.477401129943503
28,Female,63.0,1.62,196,147,55,0.68,500.0,Strength,31.7,1.9,2,1,24.01,Normal weight,12.254901960784313
25,Female,41.1,1.67,186,138,71,1.03,711.0,Yoga,31.9,2.4,3,2,14.74,Underweight,11.504854368932039
43,Female,40.5,1.74,187,143,51,1.5,965.0,HIIT,32.9,2.2,3,2,13.38,Underweight,10.722222222222221
22,Male,71.0,1.62,199,138,68,0.91,691.0,HIIT,21.2,3.5,2,1,27.05,Overweight,12.655677655677655
23,Female,60.9,1.62,193,168,69,1.59,1336.0,Cardio,16.8,2.7,5,3,23.21,Normal weight,14.0041928721174
43,Female,64.7,1.66,191,132,69,1.88,1117.0,Yoga,19.8,2.7,4,3,23.48,Normal weight,9.902482269503546
21,Female,51.0,1.71,174,132,73,1.07,706.0,HIIT,34.2,2.2,3,2,17.44,Underweight,10.996884735202492
36,Female,57.7,1.77,176,147,63,1.65,1213.0,Strength,19.4,2.7,4,3,18.42,Underweight,12.252525252525253
37,Male,76.9,1.82,192,121,50,1.49,992.0,Strength,24.5,2.8,4,2,23.22,Normal weight,11.096196868008947
50,Male,80.5,1.77,175,129,59,1.85,1181.0,Yoga,14.3,3.5,4,3,25.7,Overweight,10.63963963963964
37,Female,73.3,1.74,188,141,65,1.03,726.0,Cardio,25.5,2.4,3,2,24.21,Normal weight,11.74757281553398
29,Female,49.0,1.57,168,132,53,1.33,878.0,Yoga,26.5,2.6,3,2,19.88,Normal weight,11.00250626566416
18,Male,114.5,1.97,192,128,60,1.03,725.0,Cardio,24.1,2.6,3,1,29.5,Overweight,11.731391585760518
43,Male,81.0,1.78,188,152,65,1.58,1189.0,Yoga,12.4,3.5,5,3,25.56,Overweight,12.542194092827003
31,Female,53.5,1.76,172,133,69,1.22,811.0,Strength,27.6,1.8,4,2,17.27,Underweight,11.079234972677595
55,Male,52.1,1.68,180,167,50,0.77,637.0,Yoga,23.6,3.0,3,1,18.46,Underweight,13.787878787878787
54,Female,70.1,1.52,180,139,65,0.76,475.0,HIIT,26.6,2.1,2,1,30.34,Obese,10.416666666666666
28,Male,86.9,1.78,164,134,68,1.29,951.0,HIIT,24.9,3.7,4,2,27.43,Overweight,12.286821705426355
53,Male,73.4,1.76,169,151,70,1.09,815.0,Yoga,27.9,2.8,3,2,23.7,Normal weight,12.461773700305809
30,Male,90.0,1.66,165,152,71,1.32,1104.0,Cardio,26.6,2.1,4,2,32.66,Obese,13.93939393939394
20,Male,85.7,1.92,172,136,58,1.72,1287.0,Cardio,10.5,3.5,5,3,23.25,Normal weight,12.470930232558139
50,Female,70.4,1.55,160,143,58,0.73,470.0,Strength,29.9,2.7,2,1,29.3,Overweight,10.730593607305936
23,Male,57.7,1.71,179,149,58,1.15,942.0,Strength,27.0,3.4,3,2,19.73,Normal weight,13.652173913043478
27,Male,75.7,1.76,167,132,66,0.68,494.0,Cardio,25.3,2.3,3,1,24.44,Normal weight,12.107843137254902
22,Female,61.8,1.52,169,166,61,1.83,1519.0,Yoga,17.0,2.7,5,3,26.75,Overweight,13.834244080145718
40,Male,80.3,1.76,168,167,74,1.63,1497.0,Strength,13.1,3.5,5,3,25.92,Overweight,15.30674846625767
27,Male,104.3,1.68,162,135,62,1.28,950.0,Cardio,29.7,3.5,3,2,36.95,Obese,12.369791666666668
19,Female,65.7,1.58,170,121,57,1.46,883.0,Cardio,25.9,1.9,3,2,26.32,Overweight,10.079908675799087
30,Male,120.3,1.96,171,136,65,0.66,494.0,Yoga,23.9,2.6,2,1,31.32,Obese,12.474747474747474
57,Female,51.9,1.57,169,151,67,1.05,713.0,HIIT,29.1,2.6,3,2,21.06,Normal weight,11.317460317460318
19,Female,59.1,1.57,184,162,50,1.65,1336.0,Cardio,17.9,2.7,5,3,23.98,Normal weight,13.494949494949495
37,Female,66.9,1.75,184,127,50,1.38,876.0,Strength,26.5,2.1,4,2,21.84,Normal weight,10.579710144927537
18,Female,66.9,1.75,170,122,61,0.94,573.0,Yoga,26.8,1.7,2,1,21.84,Normal weight,10.159574468085106
54,Male,78.7,1.66,195,131,55,1.42,921.0,Yoga,22.9,2.6,3,2,28.56,Overweight,10.80985915492958
26,Female,62.4,1.61,198,139,58,1.88,1307.0,Yoga,19.8,2.7,4,3,24.07,Normal weight,11.586879432624114
34,Male,102.1,1.71,185,135,72,0.96,713.0,HIIT,27.3,3.2,2,1,34.92,Obese,12.378472222222223
26,Male,51.9,2.0,173,133,54,0.75,549.0,HIIT,26.6,2.3,2,1,12.97,Underweight,12.2
28,Male,58.3,2.0,198,135,65,1.32,980.0,Strength,28.2,3.0,4,2,14.57,Underweight,12.373737373737374
32,Male,89.8,1.92,199,168,67,1.93,1783.0,Strength,10.6,3.5,4,3,24.36,Normal weight,15.397236614853195
41,Male,101.1,1.83,160,162,66,0.79,634.0,Yoga,28.6,3.2,2,1,30.19,Obese,13.375527426160335
55,Male,118.6,1.72,163,168,67,0.77,640.0,Strength,25.9,2.6,3,1,40.09,Obese,13.852813852813853
52,Male,84.8,1.85,189,152,50,1.19,895.0,Cardio,23.4,3.2,2,1,24.78,Normal weight,12.535014005602243
47,Male,80.0,1.77,171,149,68,0.72,531.0,HIIT,28.2,3.5,3,1,25.54,Overweight,12.291666666666668
48,Male,73.1,1.83,194,131,71,1.05,681.0,Yoga,28.0,2.8,4,2,21.83,Normal weight,10.80952380952381
22,Male,117.3,1.68,172,134,57,1.24,914.0,Yoga,28.5,2.7,3,2,41.56,Obese,12.284946236559138
31,Female,77.4,1.71,190,137,52,1.26,863.0,Cardio,26.2,1.8,4,2,26.47,Overweight,11.415343915343916
28,Female,72.9,1.67,197,147,74,1.13,831.0,Cardio,34.7,2.2,3,2,26.14,Overweight,12.256637168141593
26,Female,71.2,1.5,182,142,54,1.15,816.0,Cardio,34.6,2.6,2,1,31.64,Obese,11.826086956521738
51,Male,88.2,1.62,163,133,72,1.56,1027.0,Cardio,11.8,3.5,4,3,33.61,Obese,10.972222222222221
29,Female,75.6,1.8,175,149,57,1.31,976.0,Yoga,25.7,1.9,4,2,23.33,Normal weight,12.417302798982186
52,Female,57.9,1.56,166,152,68,1.66,1135.0,HIIT,15.8,2.7,4,3,23.79,Normal weight,11.39558232931727
52,Female,70.6,1.58,181,164,67,1.02,753.0,HIIT,34.9,2.0,3,2,28.28,Overweight,12.30392156862745
18,Male,118.6,1.64,188,134,67,0.94,693.0,Cardio,25.6,2.7,3,1,44.1,Obese,12.287234042553191
57,Male,55.7,1.99,170,126,70,1.13,705.0,Strength,23.6,3.0,3,2,14.07,Underweight,10.398230088495575
39,Male,102.3,1.94,192,134,50,0.89,656.0,Yoga,22.9,2.4,3,1,27.18,Overweight,12.284644194756554
46,Male,72.6,1.87,188,161,64,1.31,1044.0,HIIT,22.6,3.4,4,2,20.76,Normal weight,13.2824427480916
25,Female,63.8,1.68,198,165,67,0.95,784.0,Cardio,31.6,1.9,2,1,22.6,Normal weight,13.75438596491228
28,Female,67.3,1.67,171,157,74,0.61,479.0,Strength,29.2,2.3,3,1,24.13,Normal weight,13.087431693989071
58,Female,59.3,1.58,166,165,56,1.97,1463.0,Strength,19.8,2.7,4,3,23.75,Normal weight,12.377326565143823
54,Female,70.7,1.57,198,163,65,1.14,836.0,Cardio,31.8,2.1,3,1,28.68,Overweight,12.222222222222223
31,Male,86.9,1.69,185,130,65,1.72,1230.0,Yoga,14.0,3.5,4,3,30.43,Obese,11.91860465116279
47,Male,98.2,1.9,199,148,64,0.76,557.0,HIIT,22.9,3.0,3,1,27.2,Overweight,12.214912280701753
52,Male,63.6,1.62,168,150,55,1.3,965.0,Strength,20.8,2.3,4,2,24.23,Normal weight,12.371794871794872
38,Female,45.2,1.68,193,144,58,1.01,727.0,HIIT,29.9,2.4,3,2,16.01,Underweight,11.996699669966997
54,Male,117.2,1.62,172,143,56,1.04,736.0,HIIT,23.1,2.3,4,2,44.66,Obese,11.794871794871794
22,Male,107.4,1.74,195,138,63,1.34,1017.0,Strength,22.0,2.2,2,1,35.47,Obese,12.649253731343283
36,Female,59.1,1.78,184,121,60,0.85,514.0,Cardio,34.5,2.2,2,1,18.65,Normal weight,10.07843137254902
31,Female,53.3,1.64,183,141,70,0.57,402.0,Strength,29.4,2.4,3,1,19.82,Normal weight,11.754385964912283
43,Male,46.2,1.63,176,139,65,1.18,812.0,Strength,21.7,2.1,2,1,17.39,Underweight,11.468926553672317
21,Male,67.0,1.61,161,152,74,1.32,1104.0,Yoga,22.0,2.1,3,2,25.85,Overweight,13.93939393939394
42,Male,86.3,1.77,172,127,55,1.77,1113.0,HIIT,11.4,3.5,4,3,27.55,Overweight,10.480225988700564
59,Male,85.5,1.67,190,144,71,1.99,1418.0,Cardio,15.0,3.5,5,3,30.66,Obese,11.87604690117253
42,Male,70.2,1.87,188,165,65,1.38,1127.0,HIIT,22.7,3.4,3,2,20.07,Normal weight,13.61111111111111
35,Male,127.1,1.62,187,128,69,1.02,718.0,Strength,23.3,3.4,4,2,48.43,Obese,11.732026143790849
57,Female,75.6,1.67,186,153,65,1.05,723.0,Cardio,31.6,1.8,3,2,27.11,Overweight,11.476190476190476
25,Female,62.6,1.65,174,142,61,1.2,852.0,Cardio,27.9,2.2,3,1,22.99,Normal weight,11.833333333333334
56,Female,55.7,1.53,190,124,66,1.91,1066.0,Cardio,16.1,2.7,5,3,23.79,Normal weight,9.30191972076789
57,Male,96.1,1.74,199,144,54,1.21,862.0,Cardio,21.6,2.8,3,2,31.74,Obese,11.8732782369146
31,Female,76.7,1.62,174,127,74,1.39,883.0,Yoga,28.1,2.3,4,2,29.23,Overweight,10.587529976019185
49,Male,57.2,1.89,192,135,62,1.14,762.0,Cardio,21.1,3.5,2,1,16.01,Underweight,11.140350877192985
55,Male,69.9,1.81,179,167,57,1.2,992.0,Strength,20.2,2.1,4,2,21.34,Normal weight,13.777777777777779
50,Female,67.9,1.77,171,164,73,1.03,760.0,Yoga,33.0,2.4,3,2,21.67,Normal weight,12.297734627831714
40,Male,87.9,1.87,196,134,54,1.96,1445.0,Strength,10.7,3.5,5,3,25.14,Overweight,12.287414965986395
32,Male,102.8,1.98,168,120,61,1.24,818.0,Strength,27.8,2.8,3,2,26.22,Overweight,10.994623655913978
50,Female,51.8,1.5,182,141,58,1.32,838.0,HIIT,33.0,2.2,3,1,23.02,Normal weight,10.58080808080808
42,Female,57.7,1.57,167,122,52,1.83,1005.0,Cardio,17.7,2.7,4,3,23.41,Normal weight,9.153005464480874
34,Female,66.5,1.69,191,157,52,0.81,636.0,Cardio,28.1,2.3,3,1,23.28,Normal weight,13.08641975308642
50,Male,95.4,1.61,173,133,50,1.16,764.0,Strength,21.5,3.6,4,2,36.8,Obese,10.977011494252874
19,Female,69.2,1.6,186,155,74,1.17,907.0,Cardio,32.4,1.6,3,1,27.03,Overweight,12.920227920227923
31,Female,66.6,1.67,184,137,71,1.02,699.0,Yoga,31.0,1.5,4,2,23.88,Normal weight,11.42156862745098
57,Male,83.4,1.65,172,166,67,1.57,1290.0,HIIT,13.3,3.5,4,3,30.63,Obese,13.694267515923567
57,Female,43.8,1.75,180,160,73,1.39,1001.0,Cardio,25.1,1.7,2,1,14.3,Underweight,12.002398081534773
56,Female,64.2,1.69,190,137,61,1.99,1227.0,Cardio,19.6,2.7,5,3,22.48,Normal weight,10.276381909547737
23,Female,44.1,1.62,196,122,58,0.58,354.0,Yoga,25.7,2.7,2,1,16.8,Underweight,10.172413793103448
23,Male,87.3,1.91,164,129,58,1.87,1327.0,HIIT,11.8,3.5,5,3,23.93,Normal weight,11.827094474153297
20,Male,55.0,1.6,172,168,67,1.12,1035.0,Yoga,24.0,3.2,4,2,21.48,Normal weight,15.401785714285714
24,Male,87.1,1.74,187,158,67,1.57,1364.0,Strength,10.0,3.5,4,3,28.77,Overweight,14.479830148619957
25,Male,66.6,1.61,184,166,56,1.38,1260.0,Strength,25.0,3.0,2,1,25.69,Overweight,15.217391304347826
59,Female,60.4,1.76,194,120,53,1.72,929.0,Cardio,18.8,2.7,5,3,19.5,Normal weight,9.001937984496124
32,Male,126.4,1.83,198,146,62,1.1,883.0,HIIT,28.2,2.1,3,2,37.74,Obese,13.378787878787879
46,Male,88.7,1.63,166,146,66,0.75,542.0,Strength,28.8,3.5,2,1,33.38,Obese,12.044444444444444
